level,scheme,learner,contrast,target,diff,lo,hi,n_folds,units,stratum
0.03,group,qrf,structured vs chained,cec,0.011224696375698331,0.004053738159199093,0.01839565459219757,5,25,retained
0.03,group,qrf,structured vs chained,n,0.0005821645211175578,-0.05918118968070807,0.06034551872294318,5,25,retained
0.03,group,qrf,structured vs chained,mean,0.005903430448407946,-0.025682006084428423,0.03748886698124431,5,25,retained
0.03,group,qrf,structured_ya vs chained,cec,0.013937642577140547,0.003456045565647173,0.02441923958863392,5,25,retained
0.03,group,qrf,structured_ya vs chained,n,0.004857473111141601,-0.04311986564780815,0.052834811870091355,5,25,retained
0.03,group,qrf,structured_ya vs chained,mean,0.009397557844141074,-0.01732630643519021,0.03612142212347236,5,25,retained
0.03,group,qrf,structured vs ptf_marg,cec,0.08615310336381868,0.031486620489616236,0.14081958623802113,5,25,retained
0.03,group,qrf,structured vs ptf_marg,n,0.08690079220068285,-0.01766331278738431,0.19146489718875,5,25,retained
0.03,group,qrf,structured vs ptf_marg,mean,0.08652694778225076,0.013955493982167513,0.15909840158233401,5,25,retained
0.03,group,qrf,structured vs ptf,cec,0.08978813882647387,0.038605667048823886,0.14097061060412386,5,25,retained
0.03,group,qrf,structured vs ptf,n,0.09018722216865174,-0.029852379125099526,0.210226823462403,5,25,retained
0.03,group,qrf,structured vs ptf,mean,0.0899876804975628,0.010225269239697993,0.1697500917554276,5,25,retained
0.03,group,qrf,structured vs clip,cec,0.03203582664252594,0.017401967462637453,0.046669685822414424,5,25,retained
0.03,group,qrf,structured vs clip,n,0.039701149265745875,-0.049882957506321754,0.1292852560378135,5,25,retained
0.03,group,qrf,structured vs clip,mean,0.03586848795413591,-0.013483708275628878,0.08522068418390069,5,25,retained
0.03,group,qrf,structured vs free,cec,0.07239310175667679,0.03828554626627837,0.10650065724707522,5,25,retained
0.03,group,qrf,structured vs free,n,0.05628513967730063,-0.02538942112141576,0.13795970047601702,5,25,retained
0.03,group,qrf,structured vs free,mean,0.0643391207169887,0.019147798531326046,0.10953044290265136,5,25,retained
0.03,group,qrf,chained vs free,cec,0.06116840538097845,0.02422284948575816,0.09811396127619874,5,25,retained
0.03,group,qrf,chained vs free,n,0.055702975156183075,0.030370836260435977,0.08103511405193017,5,25,retained
0.03,group,qrf,chained vs free,mean,0.05843569026858075,0.04111140021755642,0.0757599803196051,5,25,retained
0.03,group,tabm,structured vs chained,cec,-0.006684558085806662,-0.022910906229448025,0.009541790057834698,5,25,retained
0.03,group,tabm,structured vs chained,n,-0.0012377932253634905,-0.03384961728405797,0.031374030833330985,5,25,retained
0.03,group,tabm,structured vs chained,mean,-0.003961175655585077,-0.024281092986929324,0.01635874167575917,5,25,retained
0.03,group,tabm,structured_ya vs chained,cec,-0.006059920023547742,-0.022570242178048004,0.010450402130952522,5,25,retained
0.03,group,tabm,structured_ya vs chained,n,-0.003460183174270593,-0.03602397989699693,0.02910361354845575,5,25,retained
0.03,group,tabm,structured_ya vs chained,mean,-0.0047600515989091674,-0.023962563005511257,0.014442459807692924,5,25,retained
0.03,group,tabm,structured vs ptf_marg,cec,0.06958526502574368,0.024632220699548776,0.11453830935193858,5,25,retained
0.03,group,tabm,structured vs ptf_marg,n,0.08506342913857465,0.0009812485366454404,0.16914560974050386,5,25,retained
0.03,group,tabm,structured vs ptf_marg,mean,0.07732434708215916,0.024484562457514528,0.1301641317068038,5,25,retained
0.03,group,tabm,structured vs ptf,cec,0.07322030048839888,0.035043790632561085,0.11139681034423668,5,25,retained
0.03,group,tabm,structured vs ptf,n,0.08834985910654351,-0.012568712447199412,0.18926843066028642,5,25,retained
0.03,group,tabm,structured vs ptf,mean,0.08078507979747121,0.020843652727724232,0.1407265068672182,5,25,retained
0.03,group,tabm,structured vs clip,cec,0.06610625631655921,-0.0009729484213782946,0.13318546105449672,5,25,retained
0.03,group,tabm,structured vs clip,n,0.0722684350802694,-0.023514119593036495,0.1680509897535753,5,25,retained
0.03,group,tabm,structured vs clip,mean,0.06918734569841431,-0.009956432951035044,0.14833112434786366,5,25,retained
0.03,group,tabm,structured vs free,cec,0.14455763533416716,0.030636429991678427,0.2584788406766559,5,25,retained
0.03,group,tabm,structured vs free,n,0.08814945876444992,-0.006487197086383872,0.1827861146152837,5,25,retained
0.03,group,tabm,structured vs free,mean,0.11635354704930853,0.017788294022760623,0.21491880007585645,5,25,retained
0.03,group,tabm,chained vs free,cec,0.15124219341997377,0.028834831769224953,0.2736495550707226,5,25,retained
0.03,group,tabm,chained vs free,n,0.0893872519898134,0.01024747334840595,0.16852703063122085,5,25,retained
0.03,group,tabm,chained vs free,mean,0.1203147227048936,0.022444826384861713,0.21818461902492547,5,25,retained
0.03,group,tabicl,structured vs chained,cec,-0.012971882671588405,-0.02311539593196467,-0.002828369411212143,5,25,retained
0.03,group,tabicl,structured vs chained,n,-0.023395607765119977,-0.04255906139043962,-0.004232154139800336,5,25,retained
0.03,group,tabicl,structured vs chained,mean,-0.01818374521835419,-0.02638162993779413,-0.009985860498914251,5,25,retained
0.03,group,tabicl,structured_ya vs chained,cec,-0.00020150939238500407,-0.007931306270290206,0.007528287485520198,5,25,retained
0.03,group,tabicl,structured_ya vs chained,n,0.0018838177619446485,-0.0112175471340349,0.0149851826579242,5,25,retained
0.03,group,tabicl,structured_ya vs chained,mean,0.0008411541847798222,-0.00939658452224178,0.011078892891801424,5,25,retained
0.03,group,tabicl,structured vs ptf_marg,cec,0.07692440453233647,0.012884396575112075,0.14096441248956088,5,25,retained
0.03,group,tabicl,structured vs ptf_marg,n,0.08376324298246904,-0.015169381046938157,0.18269586701187623,5,25,retained
0.03,group,tabicl,structured vs ptf_marg,mean,0.08034382375740276,0.005483385868821078,0.15520426164598444,5,25,retained
0.03,group,tabicl,structured vs ptf,cec,0.08055943999499167,0.020638828484259852,0.14048005150572349,5,25,retained
0.03,group,tabicl,structured vs ptf,n,0.08704967295043793,-0.02744660293553347,0.20154594883640933,5,25,retained
0.03,group,tabicl,structured vs ptf,mean,0.0838045564727148,0.0026395006340242805,0.16496961231140533,5,25,retained
0.03,group,tabicl,structured vs clip,cec,0.013999632295444733,-0.00208294929439232,0.030082213885281785,5,25,retained
0.03,group,tabicl,structured vs clip,n,0.02840561202842356,-0.023768474335256078,0.08057969839210319,5,25,retained
0.03,group,tabicl,structured vs clip,mean,0.021202622161934144,-0.011613876158334549,0.05401912048220284,5,25,retained
0.03,group,tabicl,structured vs free,cec,0.04760330801422367,0.01005132750514677,0.08515528852330057,5,25,retained
0.03,group,tabicl,structured vs free,n,0.04275477053980661,-0.0020967365530030688,0.08760627763261628,5,25,retained
0.03,group,tabicl,structured vs free,mean,0.045179039277015144,0.015336873016012272,0.07502120553801801,5,25,retained
0.03,group,tabicl,chained vs free,cec,0.06057519068581209,0.01811019277948063,0.10304018859214355,5,25,retained
0.03,group,tabicl,chained vs free,n,0.06615037830492658,0.03360032848794735,0.09870042812190581,5,25,retained
0.03,group,tabicl,chained vs free,mean,0.06336278449536933,0.0372497293714846,0.08947583961925407,5,25,retained
0.03,group,tabicl_ft,structured vs chained,cec,-0.012628450688207126,-0.02261456735978702,-0.0026423340166272322,5,25,retained
0.03,group,tabicl_ft,structured vs chained,n,-0.017523741799809443,-0.03386588102046591,-0.001181602579152976,5,25,retained
0.03,group,tabicl_ft,structured vs chained,mean,-0.015076096244008286,-0.02286297897082091,-0.007289213517195664,5,25,retained
0.03,group,tabicl_ft,structured_ya vs chained,cec,0.0008312912858623853,-0.007028201486067863,0.008690784057792634,5,25,retained
0.03,group,tabicl_ft,structured_ya vs chained,n,0.0035656639906025056,-0.008547776562944413,0.015679104544149426,5,25,retained
0.03,group,tabicl_ft,structured_ya vs chained,mean,0.002198477638232446,-0.007640040145502702,0.012036995421967595,5,25,retained
0.03,group,tabicl_ft,structured vs ptf_marg,cec,0.07544174571871129,0.012240378137280294,0.13864311330014228,5,25,retained
0.03,group,tabicl_ft,structured vs ptf_marg,n,0.08958661201412518,-0.009018775997061412,0.18819200002531178,5,25,retained
0.03,group,tabicl_ft,structured vs ptf_marg,mean,0.08251417886641824,0.008615873621719727,0.15641248411111675,5,25,retained
0.03,group,tabicl_ft,structured vs ptf,cec,0.07907678118136649,0.020033692722308344,0.13811986964042464,5,25,retained
0.03,group,tabicl_ft,structured vs ptf,n,0.09287304198209405,-0.021779969296893825,0.20752605326108192,5,25,retained
0.03,group,tabicl_ft,structured vs ptf,mean,0.08597491158173028,0.005319211040758068,0.16663061212270247,5,25,retained
0.03,group,tabicl_ft,structured vs clip,cec,0.017766855904129377,0.0007770673982407279,0.03475664441001802,5,25,retained
0.03,group,tabicl_ft,structured vs clip,n,0.03302126978052105,-0.013130826274343248,0.07917336583538534,5,25,retained
0.03,group,tabicl_ft,structured vs clip,mean,0.025394062842325215,-0.0022167785800084917,0.053004904264658925,5,25,retained
0.03,group,tabicl_ft,structured vs free,cec,0.055701279338932694,0.003922024246409049,0.10748053443145633,5,25,retained
0.03,group,tabicl_ft,structured vs free,n,0.04887272755754569,0.020481858589230722,0.07726359652586065,5,25,retained
0.03,group,tabicl_ft,structured vs free,mean,0.05228700344823919,0.021733883837285885,0.08284012305919249,5,25,retained
0.03,group,tabicl_ft,chained vs free,cec,0.06832973002713984,0.013081215735480801,0.12357824431879888,5,25,retained
0.03,group,tabicl_ft,chained vs free,n,0.06639646935735513,0.052672484660855404,0.08012045405385486,5,25,retained
0.03,group,tabicl_ft,chained vs free,mean,0.06736309969224749,0.038108224464343414,0.09661797492015156,5,25,retained
0.1,group,qrf,structured vs chained,cec,-0.006595945232088547,-0.01959971470817526,0.006407824243998167,5,25,retained
0.1,group,qrf,structured vs chained,n,-0.01875876683880242,-0.03843098037526439,0.0009134466976595534,5,25,retained
0.1,group,qrf,structured vs chained,mean,-0.01267735603544548,-0.02760400688047803,0.002249294809587068,5,25,retained
0.1,group,qrf,structured_ya vs chained,cec,-0.0008561259799048004,-0.012737110157303388,0.011024858197493787,5,25,retained
0.1,group,qrf,structured_ya vs chained,n,-0.004992756800326109,-0.02090628145171405,0.010920767851061833,5,25,retained
0.1,group,qrf,structured_ya vs chained,mean,-0.0029244413901154554,-0.015368198873659287,0.009519316093428376,5,25,retained
0.1,group,qrf,structured vs ptf_marg,cec,0.05432738474295662,0.0011678323882499328,0.1074869370976633,5,25,retained
0.1,group,qrf,structured vs ptf_marg,n,0.05411080605054368,0.022988327335498923,0.08523328476558843,5,25,retained
0.1,group,qrf,structured vs ptf_marg,mean,0.05421909539675016,0.026913817228334306,0.08152437356516602,5,25,retained
0.1,group,qrf,structured vs ptf,cec,0.06135657932145333,0.006121045108149606,0.11659211353475706,5,25,retained
0.1,group,qrf,structured vs ptf,n,0.057509844243108996,0.02814287254526867,0.08687681594094931,5,25,retained
0.1,group,qrf,structured vs ptf,mean,0.05943321178228117,0.03357172495473676,0.08529469860982558,5,25,retained
0.1,group,qrf,structured vs clip,cec,0.01802337327544177,-0.015212437241996717,0.051259183792880254,5,25,retained
0.1,group,qrf,structured vs clip,n,0.012060457759992317,-0.04088558497285312,0.06500650049283775,5,25,retained
0.1,group,qrf,structured vs clip,mean,0.015041915517717042,-0.02688545047966544,0.05696928151509953,5,25,retained
0.1,group,qrf,structured vs free,cec,0.03957382716484942,0.0156713388590549,0.06347631547064393,5,25,retained
0.1,group,qrf,structured vs free,n,0.020484640722149526,-0.02258092095038431,0.06355020239468337,5,25,retained
0.1,group,qrf,structured vs free,mean,0.030029233943499472,0.0015877006518598136,0.05847076723513913,5,25,retained
0.1,group,qrf,chained vs free,cec,0.046169772396937966,0.034791713703413316,0.05754783109046262,5,25,retained
0.1,group,qrf,chained vs free,n,0.039243407560951946,0.013789176894992018,0.06469763822691188,5,25,retained
0.1,group,qrf,chained vs free,mean,0.042706589978944956,0.027754704930722532,0.05765847502716738,5,25,retained
0.1,group,tabm,structured vs chained,cec,-0.009000669693327811,-0.023761638273698864,0.005760298887043243,5,25,retained
0.1,group,tabm,structured vs chained,n,-0.01186276711216129,-0.02349121078365157,-0.00023432344067101166,5,25,retained
0.1,group,tabm,structured vs chained,mean,-0.010431718402744549,-0.021289175896642483,0.00042573909115338655,5,25,retained
0.1,group,tabm,structured_ya vs chained,cec,0.0006082598807219508,-0.01132393316970763,0.01254045293115153,5,25,retained
0.1,group,tabm,structured_ya vs chained,n,0.0014960577762938732,-0.009531430957591083,0.01252354651017883,5,25,retained
0.1,group,tabm,structured_ya vs chained,mean,0.0010521588285079117,-0.010379446136993823,0.012483763794009645,5,25,retained
0.1,group,tabm,structured vs ptf_marg,cec,0.04993402648434499,0.0036693465953847038,0.09619870637330527,5,25,retained
0.1,group,tabm,structured vs ptf_marg,n,0.05231447375369069,0.028476815088852362,0.07615213241852903,5,25,retained
0.1,group,tabm,structured vs ptf_marg,mean,0.05112425011901785,0.03341613678530431,0.06883236345273139,5,25,retained
0.1,group,tabm,structured vs ptf,cec,0.05696322106284172,0.00869261036632673,0.10523383175935672,5,25,retained
0.1,group,tabm,structured vs ptf,n,0.05571351194625601,0.029463247799588695,0.08196377609292332,5,25,retained
0.1,group,tabm,structured vs ptf,mean,0.056338366504548855,0.037592892290002455,0.07508384071909525,5,25,retained
0.1,group,tabm,structured vs clip,cec,0.02319096794711103,-0.026963217332755064,0.07334515322697713,5,25,retained
0.1,group,tabm,structured vs clip,n,0.03275870286733487,-0.015561897106872502,0.08107930284154224,5,25,retained
0.1,group,tabm,structured vs clip,mean,0.027974835407222953,-0.010920962048998395,0.0668706328634443,5,25,retained
0.1,group,tabm,structured vs free,cec,0.06055310221984097,0.022262950952603916,0.09884325348707802,5,25,retained
0.1,group,tabm,structured vs free,n,0.06971556527475162,-0.02925475454420838,0.16868588509371163,5,25,retained
0.1,group,tabm,structured vs free,mean,0.06513433374729631,0.020789422891412543,0.10947924460318008,5,25,retained
0.1,group,tabm,chained vs free,cec,0.06955377191316878,0.026260263976693142,0.1128472798496444,5,25,retained
0.1,group,tabm,chained vs free,n,0.08157833238691292,-0.01262890378624422,0.17578556856007005,5,25,retained
0.1,group,tabm,chained vs free,mean,0.07556605215004085,0.03363819673967626,0.11749390756040544,5,25,retained
0.1,group,tabicl,structured vs chained,cec,-0.009519751774379626,-0.026820734983996175,0.0077812314352369225,5,25,retained
0.1,group,tabicl,structured vs chained,n,-0.02350204545720825,-0.03967656971083545,-0.007327521203581051,5,25,retained
0.1,group,tabicl,structured vs chained,mean,-0.016510898615793936,-0.029068858228280602,-0.00395293900330727,5,25,retained
0.1,group,tabicl,structured_ya vs chained,cec,-0.000383017168973771,-0.014368238826633923,0.01360220448868638,5,25,retained
0.1,group,tabicl,structured_ya vs chained,n,0.0011801463207457142,-0.006776899940745002,0.009137192582236432,5,25,retained
0.1,group,tabicl,structured_ya vs chained,mean,0.00039856457588597125,-0.008384588205465367,0.00918171735723731,5,25,retained
0.1,group,tabicl,structured vs ptf_marg,cec,0.055467836179819895,0.0015353395887728466,0.10940033277086694,5,25,retained
0.1,group,tabicl,structured vs ptf_marg,n,0.04434336091964451,0.010729029611537717,0.07795769222775131,5,25,retained
0.1,group,tabicl,structured vs ptf_marg,mean,0.0499055985497322,0.020699492321044552,0.07911170477841985,5,25,retained
0.1,group,tabicl,structured vs ptf,cec,0.062497030758316606,0.005968110083294745,0.11902595143333847,5,25,retained
0.1,group,tabicl,structured vs ptf,n,0.047742399112209816,0.016524946577975687,0.07895985164644395,5,25,retained
0.1,group,tabicl,structured vs ptf,mean,0.05511971493526321,0.027521102609818805,0.0827183272607076,5,25,retained
0.1,group,tabicl,structured vs clip,cec,0.003737029061360246,-0.030101230645482986,0.03757528876820348,5,25,retained
0.1,group,tabicl,structured vs clip,n,-0.0013782730158021562,-0.06539655094931383,0.06264000491770953,5,25,retained
0.1,group,tabicl,structured vs clip,mean,0.0011793780227790447,-0.042241756184813135,0.044600512230371224,5,25,retained
0.1,group,tabicl,structured vs free,cec,0.02303392229325669,-0.00987707445566886,0.05594491904218224,5,25,retained
0.1,group,tabicl,structured vs free,n,0.01438221817364122,-0.0394044445863559,0.06816888093363833,5,25,retained
0.1,group,tabicl,structured vs free,mean,0.018708070233448955,-0.007514267142515952,0.04493040760941386,5,25,retained
0.1,group,tabicl,chained vs free,cec,0.03255367406763632,0.0036367342393357274,0.06147061389593691,5,25,retained
0.1,group,tabicl,chained vs free,n,0.03788426363084948,-0.004453444372441807,0.08022197163414077,5,25,retained
0.1,group,tabicl,chained vs free,mean,0.035218968849242895,0.020184524287641364,0.050253413410844425,5,25,retained
0.1,group,tabicl_ft,structured vs chained,cec,-0.009632252268807057,-0.0262209707611137,0.006956466223499585,5,25,retained
0.1,group,tabicl_ft,structured vs chained,n,-0.02157123932944862,-0.038213861110319595,-0.004928617548577645,5,25,retained
0.1,group,tabicl_ft,structured vs chained,mean,-0.015601745799127842,-0.029508666886287956,-0.0016948247119677271,5,25,retained
0.1,group,tabicl_ft,structured_ya vs chained,cec,-0.0004369240388404312,-0.013101375260848598,0.012227527183167736,5,25,retained
0.1,group,tabicl_ft,structured_ya vs chained,n,0.0027321164996474056,-0.00397982490013017,0.009444057899424981,5,25,retained
0.1,group,tabicl_ft,structured_ya vs chained,mean,0.001147596230403487,-0.007858379974564293,0.010153572435371266,5,25,retained
0.1,group,tabicl_ft,structured vs ptf_marg,cec,0.05568417582518457,0.0025609374537171534,0.10880741419665199,5,25,retained
0.1,group,tabicl_ft,structured vs ptf_marg,n,0.044461898385938864,0.010950105443923275,0.07797369132795445,5,25,retained
0.1,group,tabicl_ft,structured vs ptf_marg,mean,0.05007303710556173,0.0218117605925889,0.07833431361853455,5,25,retained
0.1,group,tabicl_ft,structured vs ptf,cec,0.06271337040368127,0.006949436641817491,0.11847730416554506,5,25,retained
0.1,group,tabicl_ft,structured vs ptf,n,0.047860936578504175,0.01602226760365704,0.07969960555335132,5,25,retained
0.1,group,tabicl_ft,structured vs ptf,mean,0.055287153491092735,0.02857236425644231,0.08200194272574315,5,25,retained
0.1,group,tabicl_ft,structured vs clip,cec,0.0036792212544156646,-0.028486643762734742,0.03584508627156607,5,25,retained
0.1,group,tabicl_ft,structured vs clip,n,9.292246127604736e-05,-0.06752003407272661,0.06770587899527869,5,25,retained
0.1,group,tabicl_ft,structured vs clip,mean,0.0018860718578458577,-0.04250478004086133,0.04627692375655305,5,25,retained
0.1,group,tabicl_ft,structured vs free,cec,0.02428061167548683,-0.005483619628022695,0.05404484297899635,5,25,retained
0.1,group,tabicl_ft,structured vs free,n,0.01596985727370877,-0.042657800844229946,0.0745975153916475,5,25,retained
0.1,group,tabicl_ft,structured vs free,mean,0.0201252344745978,-0.008863047094214548,0.049113516043410146,5,25,retained
0.1,group,tabicl_ft,chained vs free,cec,0.03391286394429389,0.008203687793071884,0.05962204009551589,5,25,retained
0.1,group,tabicl_ft,chained vs free,n,0.03754109660315739,-0.011019174728105256,0.08610136793442003,5,25,retained
0.1,group,tabicl_ft,chained vs free,mean,0.03572698027372564,0.018550421024822128,0.05290353952262915,5,25,retained
0.3,group,qrf,structured vs chained,cec,-0.0047417396964673265,-0.012706982604798306,0.0032235032118636524,5,25,retained
0.3,group,qrf,structured vs chained,n,-0.016543996165170657,-0.0381229422023653,0.005034949872023988,5,25,retained
0.3,group,qrf,structured vs chained,mean,-0.010642867930818992,-0.023451707035344875,0.002165971173706892,5,25,retained
0.3,group,qrf,structured_ya vs chained,cec,-0.0012150114181233907,-0.01017207000475886,0.0077420471685120795,5,25,retained
0.3,group,qrf,structured_ya vs chained,n,-0.001987580870843115,-0.015087727000969253,0.011112565259283022,5,25,retained
0.3,group,qrf,structured_ya vs chained,mean,-0.0016012961444832527,-0.010305780154669483,0.007103187865702978,5,25,retained
0.3,group,qrf,structured vs ptf_marg,cec,0.09469362467798018,0.0332243861663777,0.15616286318958267,5,25,retained
0.3,group,qrf,structured vs ptf_marg,n,0.06470781181094838,0.03986387449902145,0.08955174912287531,5,25,retained
0.3,group,qrf,structured vs ptf_marg,mean,0.07970071824446427,0.050424223152185116,0.10897721333674343,5,25,retained
0.3,group,qrf,structured vs ptf,cec,0.10073163460660298,0.039838391998847256,0.1616248772143587,5,25,retained
0.3,group,qrf,structured vs ptf,n,0.06337023751158594,0.030958138763627213,0.09578233625954466,5,25,retained
0.3,group,qrf,structured vs ptf,mean,0.08205093605909444,0.04578185373389038,0.11832001838429851,5,25,retained
0.3,group,qrf,structured vs clip,cec,0.01642272304614103,-0.0053300395612077694,0.03817548565348983,5,25,retained
0.3,group,qrf,structured vs clip,n,0.011951026165021349,-0.021079177046166096,0.04498122937620879,5,25,retained
0.3,group,qrf,structured vs clip,mean,0.01418687460558119,-0.011404954191734614,0.03977870340289699,5,25,retained
0.3,group,qrf,structured vs free,cec,0.01692927321160252,-0.0012678339455318988,0.035126380368736936,5,25,retained
0.3,group,qrf,structured vs free,n,0.011367683702496141,-0.022771637317464323,0.045507004722456605,5,25,retained
0.3,group,qrf,structured vs free,mean,0.01414847845704933,-0.010578304740217622,0.03887526165431628,5,25,retained
0.3,group,qrf,chained vs free,cec,0.02167101290806984,0.005978245009637114,0.03736378080650257,5,25,retained
0.3,group,qrf,chained vs free,n,0.027911679867666794,0.009979660920716327,0.045843698814617265,5,25,retained
0.3,group,qrf,chained vs free,mean,0.02479134638786832,0.01244904841481152,0.03713364436092512,5,25,retained
0.3,group,tabm,structured vs chained,cec,-0.01106313136082207,-0.02169850415054391,-0.00042775857110023165,5,25,retained
0.3,group,tabm,structured vs chained,n,-0.012910696642970496,-0.031775922352565544,0.005954529066624553,5,25,retained
0.3,group,tabm,structured vs chained,mean,-0.011986914001896281,-0.021271065255904293,-0.0027027627478882696,5,25,retained
0.3,group,tabm,structured_ya vs chained,cec,0.0021677022652670974,-0.007531890825205672,0.011867295355739866,5,25,retained
0.3,group,tabm,structured_ya vs chained,n,0.003904234497498496,-0.00580681986034975,0.013615288855346741,5,25,retained
0.3,group,tabm,structured_ya vs chained,mean,0.003035968381382796,-0.0007298020586803582,0.00680173882144595,5,25,retained
0.3,group,tabm,structured vs ptf_marg,cec,0.08350230248311633,0.022835344378952203,0.14416926058728044,5,25,retained
0.3,group,tabm,structured vs ptf_marg,n,0.06260844843424193,0.04481071349642624,0.08040618337205763,5,25,retained
0.3,group,tabm,structured vs ptf_marg,mean,0.07305537545867913,0.046762888316120396,0.09934786260123786,5,25,retained
0.3,group,tabm,structured vs ptf,cec,0.08954031241173914,0.03063625405231358,0.1484443707711647,5,25,retained
0.3,group,tabm,structured vs ptf,n,0.061270874134879486,0.0372392827909066,0.08530246547885237,5,25,retained
0.3,group,tabm,structured vs ptf,mean,0.07540559327330931,0.04423348514625936,0.10657770140035927,5,25,retained
0.3,group,tabm,structured vs clip,cec,0.024761888660825775,-0.014998124889484956,0.0645219022111365,5,25,retained
0.3,group,tabm,structured vs clip,n,0.03533942621184473,0.007822872897987006,0.06285597952570246,5,25,retained
0.3,group,tabm,structured vs clip,mean,0.030050657436335247,-0.0011169800610386811,0.06121829493370917,5,25,retained
0.3,group,tabm,structured vs free,cec,0.04940929939718291,0.0024333248525064063,0.09638527394185942,5,25,retained
0.3,group,tabm,structured vs free,n,0.03676750809367431,0.022123724634939224,0.051411291552409394,5,25,retained
0.3,group,tabm,structured vs free,mean,0.04308840374542861,0.018477212375064184,0.06769959511579304,5,25,retained
0.3,group,tabm,chained vs free,cec,0.06047243075800498,0.017686243978476963,0.10325861753753299,5,25,retained
0.3,group,tabm,chained vs free,n,0.04967820473664481,0.042550309196939785,0.05680610027634984,5,25,retained
0.3,group,tabm,chained vs free,mean,0.055075317747324895,0.0358003330993442,0.07435030239530559,5,25,retained
0.3,group,tabicl,structured vs chained,cec,-0.011720947728488343,-0.022308214641682186,-0.0011336808152945,5,25,retained
0.3,group,tabicl,structured vs chained,n,-0.022274810913354127,-0.04353376896628999,-0.0010158528604182655,5,25,retained
0.3,group,tabicl,structured vs chained,mean,-0.016997879320921234,-0.02925889284937894,-0.004736865792463529,5,25,retained
0.3,group,tabicl,structured_ya vs chained,cec,-0.00338175365230287,-0.010131212047131707,0.003367704742525967,5,25,retained
0.3,group,tabicl,structured_ya vs chained,n,0.0005558365375467521,-0.0072523016242002575,0.008363974699293761,5,25,retained
0.3,group,tabicl,structured_ya vs chained,mean,-0.001412958557378059,-0.006841761932797334,0.004015844818041216,5,25,retained
0.3,group,tabicl,structured vs ptf_marg,cec,0.09815242790618758,0.04690475255756951,0.14940010325480566,5,25,retained
0.3,group,tabicl,structured vs ptf_marg,n,0.060660989548715814,0.036579569337953005,0.08474240975947862,5,25,retained
0.3,group,tabicl,structured vs ptf_marg,mean,0.0794067087274517,0.05411395153102051,0.10469946592388289,5,25,retained
0.3,group,tabicl,structured vs ptf,cec,0.10419043783481041,0.05295164227549763,0.15542923339412318,5,25,retained
0.3,group,tabicl,structured vs ptf,n,0.059323415249353376,0.027291684028800202,0.09135514646990656,5,25,retained
0.3,group,tabicl,structured vs ptf,mean,0.08175692654208187,0.04873822721526914,0.11477562586889462,5,25,retained
0.3,group,tabicl,structured vs clip,cec,0.00917089368411251,-0.014511799459392316,0.03285358682761734,5,25,retained
0.3,group,tabicl,structured vs clip,n,0.008914762153065433,-0.03460797830940718,0.05243750261553805,5,25,retained
0.3,group,tabicl,structured vs clip,mean,0.00904282791858897,-0.023423264258261176,0.04150892009543912,5,25,retained
0.3,group,tabicl,structured vs free,cec,0.007333661930219457,-0.017471468250540946,0.032138792110979864,5,25,retained
0.3,group,tabicl,structured vs free,n,0.010031693887049883,-0.03626966849056126,0.056333056264661036,5,25,retained
0.3,group,tabicl,structured vs free,mean,0.00868267790863467,-0.023599068057716183,0.04096442387498553,5,25,retained
0.3,group,tabicl,chained vs free,cec,0.0190546096587078,0.0017370915546971663,0.036372127762718434,5,25,retained
0.3,group,tabicl,chained vs free,n,0.03230650480040402,0.004219886893505054,0.06039312270730299,5,25,retained
0.3,group,tabicl,chained vs free,mean,0.025680557229555905,0.004905977375168007,0.046455137083943804,5,25,retained
0.03,group,qrf,structured vs chained,cec,0.03452787236868489,0.025221544046744662,0.043834200690625116,5,25,thinned
0.03,group,qrf,structured vs chained,n,0.004614431893231357,-0.029713999658616617,0.038942863445079336,5,25,thinned
0.03,group,qrf,structured vs chained,mean,0.019571152130958124,0.003849107453155892,0.035293196808760356,5,25,thinned
0.03,group,qrf,structured_ya vs chained,cec,0.03645084539492517,0.025693700418235717,0.047207990371614626,5,25,thinned
0.03,group,qrf,structured_ya vs chained,n,0.02149677485520083,-0.004686710395935972,0.047680260106337635,5,25,thinned
0.03,group,qrf,structured_ya vs chained,mean,0.028973810125063004,0.016696122556140478,0.041251497693985534,5,25,thinned
0.03,group,qrf,structured vs ptf_marg,cec,0.039565808037677785,0.009207382296823084,0.06992423377853249,5,25,thinned
0.03,group,qrf,structured vs ptf_marg,n,0.026742851470939043,0.01125343724884715,0.042232265693030936,5,25,thinned
0.03,group,qrf,structured vs ptf_marg,mean,0.03315432975430842,0.014837986395863357,0.05147067311275348,5,25,thinned
0.03,group,qrf,structured vs ptf,cec,0.050663685723711806,-0.00028951811143020784,0.10161688955885381,5,25,thinned
0.03,group,qrf,structured vs ptf,n,0.026157943207331287,0.004581899066806165,0.04773398734785641,5,25,thinned
0.03,group,qrf,structured vs ptf,mean,0.03841081446552154,0.007592569458449043,0.06922905947259403,5,25,thinned
0.03,group,qrf,structured vs clip,cec,0.06484703564571773,0.046006509610270474,0.08368756168116498,5,25,thinned
0.03,group,qrf,structured vs clip,n,0.07175435160298906,0.036808347341593384,0.10670035586438473,5,25,thinned
0.03,group,qrf,structured vs clip,mean,0.06830069362435338,0.04442744933577092,0.09217393791293585,5,25,thinned
0.03,group,qrf,structured vs free,cec,0.1304785416153486,0.11359622527380854,0.14736085795688866,5,25,thinned
0.03,group,qrf,structured vs free,n,0.13096983937717888,0.09080169747430723,0.17113798128005053,5,25,thinned
0.03,group,qrf,structured vs free,mean,0.13072419049626374,0.10779352273632942,0.15365485825619807,5,25,thinned
0.03,group,qrf,chained vs free,cec,0.09595066924666372,0.0818541499170797,0.11004718857624773,5,25,thinned
0.03,group,qrf,chained vs free,n,0.12635540748394752,0.11078957004820977,0.14192124491968527,5,25,thinned
0.03,group,qrf,chained vs free,mean,0.11115303836530561,0.10207812258761956,0.12022795414299167,5,25,thinned
0.03,group,tabm,structured vs chained,cec,0.02776767862544153,-0.002297259174479222,0.05783261642536228,5,25,thinned
0.03,group,tabm,structured vs chained,n,-0.0006612687722693432,-0.030848103128966037,0.029525565584427354,5,25,thinned
0.03,group,tabm,structured vs chained,mean,0.013553204926586094,-0.0029420266695759246,0.030048436522748113,5,25,thinned
0.03,group,tabm,structured_ya vs chained,cec,0.03564723909242446,0.01364545172744058,0.05764902645740834,5,25,thinned
0.03,group,tabm,structured_ya vs chained,n,0.01289727730945826,-0.011881151066319671,0.03767570568523619,5,25,thinned
0.03,group,tabm,structured_ya vs chained,mean,0.024272258200941355,0.009814407285463747,0.03873010911641896,5,25,thinned
0.03,group,tabm,structured vs ptf_marg,cec,0.02581220255734707,-0.0038243042629272812,0.05544870937762142,5,25,thinned
0.03,group,tabm,structured vs ptf_marg,n,0.0287153680950537,0.010749108380791121,0.04668162780931628,5,25,thinned
0.03,group,tabm,structured vs ptf_marg,mean,0.027263785326200385,0.00553605670593443,0.048991513946466336,5,25,thinned
0.03,group,tabm,structured vs ptf,cec,0.036910080243381084,-0.0144923339806617,0.08831249446742387,5,25,thinned
0.03,group,tabm,structured vs ptf,n,0.028130459831445943,0.01355833916553588,0.04270258049735601,5,25,thinned
0.03,group,tabm,structured vs ptf,mean,0.03252027003741351,0.00029914462384595525,0.06474139545098107,5,25,thinned
0.03,group,tabm,structured vs clip,cec,0.08154353525001942,0.044702780071823066,0.11838429042821577,5,25,thinned
0.03,group,tabm,structured vs clip,n,0.11835815933800316,0.06456139951791338,0.17215491915809294,5,25,thinned
0.03,group,tabm,structured vs clip,mean,0.09995084729401128,0.05816841348452599,0.1417332811034966,5,25,thinned
0.03,group,tabm,structured vs free,cec,0.21330509475072335,0.16868486885310457,0.2579253206483421,5,25,thinned
0.03,group,tabm,structured vs free,n,0.17467289520659499,0.11774382367824568,0.2316019667349443,5,25,thinned
0.03,group,tabm,structured vs free,mean,0.19398899497865915,0.14907936693916676,0.23889862301815154,5,25,thinned
0.03,group,tabm,chained vs free,cec,0.18553741612528177,0.1256064317631136,0.24546840048744994,5,25,thinned
0.03,group,tabm,chained vs free,n,0.17533416397886437,0.11630522145933363,0.2343631064983951,5,25,thinned
0.03,group,tabm,chained vs free,mean,0.18043579005207305,0.13047463180487462,0.2303969482992715,5,25,thinned
0.03,group,tabicl,structured vs chained,cec,0.004721703678044253,-0.007280695096801015,0.016724102452889522,5,25,thinned
0.03,group,tabicl,structured vs chained,n,0.03483640943499975,-0.152049488206905,0.2217223070769045,5,25,thinned
0.03,group,tabicl,structured vs chained,mean,0.019779056556522,-0.07260624233437267,0.11216435544741667,5,25,thinned
0.03,group,tabicl,structured_ya vs chained,cec,0.011523380857036919,-0.002682385292217735,0.025729147006291572,5,25,thinned
0.03,group,tabicl,structured_ya vs chained,n,0.059508459859996546,-0.12405953794332449,0.2430764576633176,5,25,thinned
0.03,group,tabicl,structured_ya vs chained,mean,0.03551592035851673,-0.055988807905059355,0.1270206486220928,5,25,thinned
0.03,group,tabicl,structured vs ptf_marg,cec,0.03551067150074836,-0.0030209478697527936,0.07404229087124951,5,25,thinned
0.03,group,tabicl,structured vs ptf_marg,n,-0.006929475580027598,-0.039643493578929365,0.025784542418874165,5,25,thinned
0.03,group,tabicl,structured vs ptf_marg,mean,0.014290597960360377,-0.010336702958698717,0.038917898879419474,5,25,thinned
0.03,group,tabicl,structured vs ptf,cec,0.04660854918678237,-0.012476345970009364,0.10569344434357411,5,25,thinned
0.03,group,tabicl,structured vs ptf,n,-0.007514383843635354,-0.0469433040529017,0.03191453636563099,5,25,thinned
0.03,group,tabicl,structured vs ptf,mean,0.01954708267157351,-0.015929907334190595,0.05502407267733761,5,25,thinned
0.03,group,tabicl,structured vs clip,cec,0.0414813320785251,0.0035236641487661896,0.07943900000828401,5,25,thinned
0.03,group,tabicl,structured vs clip,n,0.02828647829513502,-0.0527365240775189,0.10930948066778894,5,25,thinned
0.03,group,tabicl,structured vs clip,mean,0.03488390518683006,-0.021654093657496244,0.09142190403115635,5,25,thinned
0.03,group,tabicl,structured vs free,cec,0.12209897461216343,0.08124469522078412,0.16295325400354274,5,25,thinned
0.03,group,tabicl,structured vs free,n,0.11965440628811759,0.05181249767056248,0.1874963149056727,5,25,thinned
0.03,group,tabicl,structured vs free,mean,0.12087669045014052,0.06855313711754746,0.17320024378273358,5,25,thinned
0.03,group,tabicl,chained vs free,cec,0.11737727093411918,0.07214825507202499,0.16260628679621336,5,25,thinned
0.03,group,tabicl,chained vs free,n,0.08481799685311786,-0.11108117221686573,0.2807171659231015,5,25,thinned
0.03,group,tabicl,chained vs free,mean,0.1010976338936185,-0.009942932115154138,0.21213819990239113,5,25,thinned
0.03,group,tabicl_ft,structured vs chained,cec,0.004128133077972907,-0.010369159613418269,0.01862542576936408,5,25,thinned
0.03,group,tabicl_ft,structured vs chained,n,0.016633503968519744,-0.09131276154139314,0.12457976947843263,5,25,thinned
0.03,group,tabicl_ft,structured vs chained,mean,0.01038081852324632,-0.039134429483657876,0.05989606653015052,5,25,thinned
0.03,group,tabicl_ft,structured_ya vs chained,cec,0.01120293934683059,-0.0023667482583077087,0.02477262695196889,5,25,thinned
0.03,group,tabicl_ft,structured_ya vs chained,n,0.04026609575967053,-0.07141813329340096,0.15195032481274204,5,25,thinned
0.03,group,tabicl_ft,structured_ya vs chained,mean,0.02573451755325056,-0.027228869401983716,0.07869790450848484,5,25,thinned
0.03,group,tabicl_ft,structured vs ptf_marg,cec,0.034790612075288704,-0.0010803587930113892,0.07066158294358879,5,25,thinned
0.03,group,tabicl_ft,structured vs ptf_marg,n,0.0027103162837446163,-0.02598700468371256,0.03140763725120179,5,25,thinned
0.03,group,tabicl_ft,structured vs ptf_marg,mean,0.018750464179516667,-0.0038705202562037376,0.041371448615237075,5,25,thinned
0.03,group,tabicl_ft,structured vs ptf,cec,0.04588848976132272,-0.009961510536926316,0.10173849005957175,5,25,thinned
0.03,group,tabicl_ft,structured vs ptf,n,0.002125408020136859,-0.03338484962901518,0.0376356656692889,5,25,thinned
0.03,group,tabicl_ft,structured vs ptf,mean,0.02400694889072979,-0.00920470875515364,0.05721860653661322,5,25,thinned
0.03,group,tabicl_ft,structured vs clip,cec,0.040416040759585235,0.0032870259909415847,0.07754505552822888,5,25,thinned
0.03,group,tabicl_ft,structured vs clip,n,0.04096353159393216,-0.0413592396873076,0.12328630287517192,5,25,thinned
0.03,group,tabicl_ft,structured vs clip,mean,0.0406897861767587,-0.017152206863389453,0.09853177921690684,5,25,thinned
0.03,group,tabicl_ft,structured vs free,cec,0.12205205851496688,0.08488704476708128,0.15921707226285248,5,25,thinned
0.03,group,tabicl_ft,structured vs free,n,0.13597894902405314,0.06706982377368467,0.2048880742744216,5,25,thinned
0.03,group,tabicl_ft,structured vs free,mean,0.12901550376951004,0.07999563635620967,0.17803537118281043,5,25,thinned
0.03,group,tabicl_ft,chained vs free,cec,0.117923925436994,0.07941545215715233,0.15643239871683567,5,25,thinned
0.03,group,tabicl_ft,chained vs free,n,0.11934544505553339,0.005776673710175345,0.23291421640089144,5,25,thinned
0.03,group,tabicl_ft,chained vs free,mean,0.11863468524626368,0.05072347518646418,0.1865458953060632,5,25,thinned
0.1,group,qrf,structured vs chained,cec,0.014829975349591759,0.0034103611350198397,0.026249589564163678,5,25,thinned
0.1,group,qrf,structured vs chained,n,-0.0004806569419482632,-0.010769213621048166,0.009807899737151638,5,25,thinned
0.1,group,qrf,structured vs chained,mean,0.007174659203821747,-0.00037848390449523803,0.014727802312138731,5,25,thinned
0.1,group,qrf,structured_ya vs chained,cec,0.018293753003842943,0.008778078270315274,0.027809427737370614,5,25,thinned
0.1,group,qrf,structured_ya vs chained,n,0.015503151902036988,0.004989467588951803,0.02601683621512217,5,25,thinned
0.1,group,qrf,structured_ya vs chained,mean,0.016898452452939965,0.009979289277301625,0.023817615628578304,5,25,thinned
0.1,group,qrf,structured vs ptf_marg,cec,0.05849110055472476,0.01008560108962845,0.10689660001982107,5,25,thinned
0.1,group,qrf,structured vs ptf_marg,n,0.05067420019532939,0.044127509451542306,0.05722089093911647,5,25,thinned
0.1,group,qrf,structured vs ptf_marg,mean,0.054582650375027075,0.031436150178138084,0.07772915057191607,5,25,thinned
0.1,group,qrf,structured vs ptf,cec,0.07028322032802466,0.00785938311589647,0.13270705754015283,5,25,thinned
0.1,group,qrf,structured vs ptf,n,0.05036932895442647,0.03719017296385237,0.06354848494500057,5,25,thinned
0.1,group,qrf,structured vs ptf,mean,0.060326274641225565,0.029632396002772086,0.09102015327967905,5,25,thinned
0.1,group,qrf,structured vs clip,cec,0.06900034478160819,0.04163733035970739,0.09636335920350898,5,25,thinned
0.1,group,qrf,structured vs clip,n,0.07443023263685425,0.0484339467654321,0.1004265185082764,5,25,thinned
0.1,group,qrf,structured vs clip,mean,0.07171528870923122,0.04607007847115545,0.09736049894730699,5,25,thinned
0.1,group,qrf,structured vs free,cec,0.12205939884056619,0.08503871517953776,0.1590800825015946,5,25,thinned
0.1,group,qrf,structured vs free,n,0.10163649146394897,0.08109657046005167,0.12217641246784627,5,25,thinned
0.1,group,qrf,structured vs free,mean,0.11184794515225757,0.09012407892654425,0.1335718113779709,5,25,thinned
0.1,group,qrf,chained vs free,cec,0.10722942349097442,0.07886986606253853,0.1355889809194103,5,25,thinned
0.1,group,qrf,chained vs free,n,0.10211714840589722,0.08432185792056014,0.1199124388912343,5,25,thinned
0.1,group,qrf,chained vs free,mean,0.1046732859484358,0.09024023914288883,0.11910633275398279,5,25,thinned
0.1,group,tabm,structured vs chained,cec,-0.00546881621685066,-0.013757484638488077,0.0028198522047867564,5,25,thinned
0.1,group,tabm,structured vs chained,n,-0.013246595455995824,-0.021758168024621882,-0.004735022887369768,5,25,thinned
0.1,group,tabm,structured vs chained,mean,-0.00935770583642324,-0.0165798355043063,-0.0021355761685401802,5,25,thinned
0.1,group,tabm,structured_ya vs chained,cec,0.0008105106238124771,-0.00918353740398534,0.010804558651610296,5,25,thinned
0.1,group,tabm,structured_ya vs chained,n,0.004661145583208577,-0.005914317608833085,0.01523660877525024,5,25,thinned
0.1,group,tabm,structured_ya vs chained,mean,0.0027358281035105266,-0.0061025328939391535,0.011574189100960208,5,25,thinned
0.1,group,tabm,structured vs ptf_marg,cec,0.04845384042599431,0.005656931766342035,0.09125074908564658,5,25,thinned
0.1,group,tabm,structured vs ptf_marg,n,0.05006695067359569,0.039156305762376824,0.06097759558481456,5,25,thinned
0.1,group,tabm,structured vs ptf_marg,mean,0.04926039554979499,0.029298701980064252,0.06922208911952574,5,25,thinned
0.1,group,tabm,structured vs ptf,cec,0.0602459601992942,0.0025942505283484754,0.11789766987023992,5,25,thinned
0.1,group,tabm,structured vs ptf,n,0.04976207943269277,0.033381405330061786,0.06614275353532376,5,25,thinned
0.1,group,tabm,structured vs ptf,mean,0.05500401981599349,0.027496755515778883,0.08251128411620809,5,25,thinned
0.1,group,tabm,structured vs clip,cec,0.07773205328159918,0.05247104025643573,0.10299306630676264,5,25,thinned
0.1,group,tabm,structured vs clip,n,0.08551044117686488,0.06216410951762055,0.1088567728361092,5,25,thinned
0.1,group,tabm,structured vs clip,mean,0.08162124722923204,0.065280779666611,0.09796171479185309,5,25,thinned
0.1,group,tabm,structured vs free,cec,0.15191380795241902,0.12131692531887706,0.18251069058596098,5,25,thinned
0.1,group,tabm,structured vs free,n,0.12129928206013148,0.10020369821299874,0.14239486590726422,5,25,thinned
0.1,group,tabm,structured vs free,mean,0.13660654500627528,0.1262330818048432,0.14698000820770737,5,25,thinned
0.1,group,tabm,chained vs free,cec,0.15738262416926968,0.12207452491083404,0.19269072342770532,5,25,thinned
0.1,group,tabm,chained vs free,n,0.13454587751612732,0.1166681687577326,0.15242358627452202,5,25,thinned
0.1,group,tabm,chained vs free,mean,0.1459642508426985,0.133748731517653,0.158179770167744,5,25,thinned
0.1,group,tabicl,structured vs chained,cec,-0.026889202882099415,-0.052858856457248055,-0.0009195493069507725,5,25,thinned
0.1,group,tabicl,structured vs chained,n,-0.028151818263892243,-0.03766554014901548,-0.018638096378769006,5,25,thinned
0.1,group,tabicl,structured vs chained,mean,-0.027520510572995826,-0.042356276342524604,-0.012684744803467044,5,25,thinned
0.1,group,tabicl,structured_ya vs chained,cec,-0.010642081484145197,-0.0335509789497046,0.012266815981414204,5,25,thinned
0.1,group,tabicl,structured_ya vs chained,n,-0.0042553193054125854,-0.013882073203484249,0.005371434592659077,5,25,thinned
0.1,group,tabicl,structured_ya vs chained,mean,-0.007448700394778894,-0.022921158455998174,0.008023757666440385,5,25,thinned
0.1,group,tabicl,structured vs ptf_marg,cec,0.03516194364408918,-0.012425865380793627,0.08274975266897198,5,25,thinned
0.1,group,tabicl,structured vs ptf_marg,n,0.03326448747412252,0.008697826122322592,0.057831148825922454,5,25,thinned
0.1,group,tabicl,structured vs ptf_marg,mean,0.03421321555910585,0.005099311573361933,0.06332711954484976,5,25,thinned
0.1,group,tabicl,structured vs ptf,cec,0.04695406341738907,-0.014867356825673209,0.10877548366045135,5,25,thinned
0.1,group,tabicl,structured vs ptf,n,0.0329596162332196,0.003392394175793685,0.06252683829064551,5,25,thinned
0.1,group,tabicl,structured vs ptf,mean,0.03995683982530434,0.004897795744003147,0.07501588390660553,5,25,thinned
0.1,group,tabicl,structured vs clip,cec,0.03678698630245107,-0.007390152157019839,0.08096412476192198,5,25,thinned
0.1,group,tabicl,structured vs clip,n,0.04053875564574021,0.0005638698997986816,0.08051364139168174,5,25,thinned
0.1,group,tabicl,structured vs clip,mean,0.03866287097409564,-0.0008607095587139998,0.07818645150690529,5,25,thinned
0.1,group,tabicl,structured vs free,cec,0.09047424116135909,0.043584967275198415,0.13736351504751976,5,25,thinned
0.1,group,tabicl,structured vs free,n,0.07507654787853986,0.06081297883703391,0.08934011692004581,5,25,thinned
0.1,group,tabicl,structured vs free,mean,0.08277539451994946,0.05265841721935931,0.11289237182053961,5,25,thinned
0.1,group,tabicl,chained vs free,cec,0.11736344404345851,0.08737997711002353,0.14734691097689348,5,25,thinned
0.1,group,tabicl,chained vs free,n,0.1032283661424321,0.09274363740450622,0.11371309488035797,5,25,thinned
0.1,group,tabicl,chained vs free,mean,0.11029590509294529,0.091010053541242,0.12958175664464858,5,25,thinned
0.1,group,tabicl_ft,structured vs chained,cec,-0.02539515533311909,-0.054771402413896185,0.003981091747658004,5,25,thinned
0.1,group,tabicl_ft,structured vs chained,n,-0.021031992304562,-0.0366633214870237,-0.0054006631221003056,5,25,thinned
0.1,group,tabicl_ft,structured vs chained,mean,-0.023213573818840545,-0.037508391880931295,-0.008918755756749797,5,25,thinned
0.1,group,tabicl_ft,structured_ya vs chained,cec,-0.008674450336892691,-0.02997209495315241,0.012623194279367027,5,25,thinned
0.1,group,tabicl_ft,structured_ya vs chained,n,0.00359312100645095,0.0008003143855350712,0.006385927627366828,5,25,thinned
0.1,group,tabicl_ft,structured_ya vs chained,mean,-0.0025406646652208708,-0.013118048381206773,0.00803671905076503,5,25,thinned
0.1,group,tabicl_ft,structured vs ptf_marg,cec,0.036430000536066626,-0.010987183284591681,0.08384718435672493,5,25,thinned
0.1,group,tabicl_ft,structured vs ptf_marg,n,0.038052701731816616,0.012847526472150119,0.06325787699148311,5,25,thinned
0.1,group,tabicl_ft,structured vs ptf_marg,mean,0.03724135113394163,0.008610046379673966,0.06587265588820929,5,25,thinned
0.1,group,tabicl_ft,structured vs ptf,cec,0.048222120309366526,-0.01365596587556412,0.11010020649429716,5,25,thinned
0.1,group,tabicl_ft,structured vs ptf,n,0.0377478304909137,0.006795420449651129,0.06870024053217627,5,25,thinned
0.1,group,tabicl_ft,structured vs ptf,mean,0.04298497540014011,0.0081338536414707,0.07783609715880951,5,25,thinned
0.1,group,tabicl_ft,structured vs clip,cec,0.03885585109672695,-0.005808531886069668,0.08352023407952357,5,25,thinned
0.1,group,tabicl_ft,structured vs clip,n,0.046335406226459645,0.00909452228827367,0.08357629016464563,5,25,thinned
0.1,group,tabicl_ft,structured vs clip,mean,0.0425956286615933,0.005514739893403432,0.07967651742978316,5,25,thinned
0.1,group,tabicl_ft,structured vs free,cec,0.09355479198083856,0.04605760515255544,0.14105197880912168,5,25,thinned
0.1,group,tabicl_ft,structured vs free,n,0.0796255013858224,0.06545714310565294,0.09379385966599187,5,25,thinned
0.1,group,tabicl_ft,structured vs free,mean,0.08659014668333047,0.057461568443318845,0.11571872492334209,5,25,thinned
0.1,group,tabicl_ft,chained vs free,cec,0.11894994731395765,0.0856765758178504,0.1522233188100649,5,25,thinned
0.1,group,tabicl_ft,chained vs free,n,0.10065749369038439,0.08917791309859975,0.11213707428216903,5,25,thinned
0.1,group,tabicl_ft,chained vs free,mean,0.10980372050217102,0.08925032193306282,0.13035711907127923,5,25,thinned
0.3,group,qrf,structured vs chained,cec,0.004473164983595654,-0.0014662854991642172,0.010412615466355524,5,25,thinned
0.3,group,qrf,structured vs chained,n,-0.014040866293402282,-0.031033911702988776,0.002952179116184209,5,25,thinned
0.3,group,qrf,structured vs chained,mean,-0.004783850654903314,-0.011854170055484347,0.002286468745677719,5,25,thinned
0.3,group,qrf,structured_ya vs chained,cec,0.006419691509817281,0.001987825151201164,0.0108515578684334,5,25,thinned
0.3,group,qrf,structured_ya vs chained,n,0.004680402075453701,-0.007117837577871815,0.016478641728779216,5,25,thinned
0.3,group,qrf,structured_ya vs chained,mean,0.00555004679263549,-0.0006757943541778914,0.011775887939448872,5,25,thinned
0.3,group,qrf,structured vs ptf_marg,cec,0.07058403586253072,0.030335859154189196,0.11083221257087224,5,25,thinned
0.3,group,qrf,structured vs ptf_marg,n,0.059452199186887864,0.042873982523893864,0.07603041584988186,5,25,thinned
0.3,group,qrf,structured vs ptf_marg,mean,0.06501811752470929,0.04421918807991397,0.08581704696950461,5,25,thinned
0.3,group,qrf,structured vs ptf,cec,0.07874125650952349,0.030301759724694594,0.12718075329435238,5,25,thinned
0.3,group,qrf,structured vs ptf,n,0.062063614313105656,0.03884986396159933,0.08527736466461197,5,25,thinned
0.3,group,qrf,structured vs ptf,mean,0.07040243541131457,0.0433416950840116,0.09746317573861753,5,25,thinned
0.3,group,qrf,structured vs clip,cec,0.05366754935474074,0.03945518595420358,0.0678799127552779,5,25,thinned
0.3,group,qrf,structured vs clip,n,0.04122963894330522,0.007985336257687006,0.07447394162892343,5,25,thinned
0.3,group,qrf,structured vs clip,mean,0.04744859414902298,0.02649334236405755,0.0684038459339884,5,25,thinned
0.3,group,qrf,structured vs free,cec,0.09107251953390279,0.07941610096668528,0.1027289381011203,5,25,thinned
0.3,group,qrf,structured vs free,n,0.06123443530881804,0.03460408042875342,0.08786479018888266,5,25,thinned
0.3,group,qrf,structured vs free,mean,0.07615347742136039,0.061219015070663865,0.09108793977205691,5,25,thinned
0.3,group,qrf,chained vs free,cec,0.08659935455030712,0.07287768827862369,0.10032102082199056,5,25,thinned
0.3,group,qrf,chained vs free,n,0.07527530160222032,0.05650410202889099,0.09404650117554965,5,25,thinned
0.3,group,qrf,chained vs free,mean,0.08093732807626372,0.07118905038493449,0.09068560576759295,5,25,thinned
0.3,group,tabm,structured vs chained,cec,-0.006511739272807277,-0.013550805050711833,0.0005273265050972807,5,25,thinned
0.3,group,tabm,structured vs chained,n,-0.017944370301454616,-0.03956910709292932,0.003680366490020095,5,25,thinned
0.3,group,tabm,structured vs chained,mean,-0.012228054787130946,-0.024769096593454533,0.00031298701919264295,5,25,thinned
0.3,group,tabm,structured_ya vs chained,cec,0.003077341216453999,-0.006039698909345663,0.012194381342253662,5,25,thinned
0.3,group,tabm,structured_ya vs chained,n,0.0012862594219878259,-0.009637384710786406,0.012209903554762059,5,25,thinned
0.3,group,tabm,structured_ya vs chained,mean,0.0021818003192209125,-0.003678466122578558,0.008042066761020383,5,25,thinned
0.3,group,tabm,structured vs ptf_marg,cec,0.06452450584074064,0.021525924864754,0.10752308681672729,5,25,thinned
0.3,group,tabm,structured vs ptf_marg,n,0.05976879546958199,0.038945026518247154,0.08059256442091683,5,25,thinned
0.3,group,tabm,structured vs ptf_marg,mean,0.062146650655161305,0.04223849525316726,0.08205480605715534,5,25,thinned
0.3,group,tabm,structured vs ptf,cec,0.07268172648773341,0.021676080241806263,0.12368737273366057,5,25,thinned
0.3,group,tabm,structured vs ptf,n,0.06238021059579977,0.03549796721344536,0.08926245397815419,5,25,thinned
0.3,group,tabm,structured vs ptf,mean,0.0675309685417666,0.041373766395980824,0.09368817068755238,5,25,thinned
0.3,group,tabm,structured vs clip,cec,0.06060256756433435,0.04434359930426204,0.07686153582440666,5,25,thinned
0.3,group,tabm,structured vs clip,n,0.04692772798012178,0.005840089045003868,0.08801536691523969,5,25,thinned
0.3,group,tabm,structured vs clip,mean,0.05376514777222806,0.029327241784017417,0.0782030537604387,5,25,thinned
0.3,group,tabm,structured vs free,cec,0.11605672872298811,0.09363547881775984,0.13847797862821637,5,25,thinned
0.3,group,tabm,structured vs free,n,0.06931141372300068,0.028708042015089634,0.10991478543091171,5,25,thinned
0.3,group,tabm,structured vs free,mean,0.09268407122299438,0.07036571435576647,0.11500242809022229,5,25,thinned
0.3,group,tabm,chained vs free,cec,0.12256846799579538,0.10589371492214911,0.13924322106944165,5,25,thinned
0.3,group,tabm,chained vs free,n,0.08725578402445529,0.0608643822540922,0.11364718579481838,5,25,thinned
0.3,group,tabm,chained vs free,mean,0.10491212601012531,0.09312774393833466,0.11669650808191596,5,25,thinned
0.3,group,tabicl,structured vs chained,cec,-0.010131718623147731,-0.018256310569565455,-0.002007126676730007,5,25,thinned
0.3,group,tabicl,structured vs chained,n,-0.022842941000317037,-0.035077246725184454,-0.010608635275449618,5,25,thinned
0.3,group,tabicl,structured vs chained,mean,-0.016487329811732385,-0.022322683208272194,-0.010651976415192575,5,25,thinned
0.3,group,tabicl,structured_ya vs chained,cec,0.00011939728683474379,-0.0036669297827748998,0.003905724356444387,5,25,thinned
0.3,group,tabicl,structured_ya vs chained,n,-0.0002865906718085798,-0.0025366236351206726,0.001963442291503513,5,25,thinned
0.3,group,tabicl,structured_ya vs chained,mean,-8.359669248691805e-05,-0.0020596932827403134,0.0018924998977664772,5,25,thinned
0.3,group,tabicl,structured vs ptf_marg,cec,0.06862548278614439,0.026919267271536804,0.11033169830075197,5,25,thinned
0.3,group,tabicl,structured vs ptf_marg,n,0.05439178142339514,0.03093646710179675,0.07784709574499353,5,25,thinned
0.3,group,tabicl,structured vs ptf_marg,mean,0.06150863210476977,0.04069200408295298,0.08232526012658656,5,25,thinned
0.3,group,tabicl,structured vs ptf,cec,0.07678270343313717,0.027006140151287786,0.12655926671498657,5,25,thinned
0.3,group,tabicl,structured vs ptf,n,0.057003196549612924,0.026605584480553793,0.08740080861867205,5,25,thinned
0.3,group,tabicl,structured vs ptf,mean,0.06689294999137504,0.0400621667370257,0.09372373324572439,5,25,thinned
0.3,group,tabicl,structured vs clip,cec,0.03896647934097666,0.024536574701782055,0.05339638398017127,5,25,thinned
0.3,group,tabicl,structured vs clip,n,0.023637603879626424,-0.01696775744372388,0.06424296520297673,5,25,thinned
0.3,group,tabicl,structured vs clip,mean,0.03130204161030154,0.0044881343742117046,0.058115948846391374,5,25,thinned
0.3,group,tabicl,structured vs free,cec,0.07252215880545448,0.05290289818210816,0.0921414194288008,5,25,thinned
0.3,group,tabicl,structured vs free,n,0.04996725873861661,0.02415169321011687,0.07578282426711636,5,25,thinned
0.3,group,tabicl,structured vs free,mean,0.06124470877203555,0.04002737958010198,0.08246203796396911,5,25,thinned
0.3,group,tabicl,chained vs free,cec,0.08265387742860222,0.06079370144121582,0.10451405341598863,5,25,thinned
0.3,group,tabicl,chained vs free,n,0.07281019973893366,0.05623470032743186,0.08938569915043545,5,25,thinned
0.3,group,tabicl,chained vs free,mean,0.07773203858376795,0.06146635009107055,0.09399772707646536,5,25,thinned
0.03,random,qrf,structured vs chained,cec,0.012366784532556883,-0.025397899412182238,0.05013146847729601,5,15,retained
0.03,random,qrf,structured vs chained,n,0.010750501538227545,-0.06832099336801392,0.089821996444469,5,15,retained
0.03,random,qrf,structured vs chained,mean,0.011558643035392214,-0.041392873299066005,0.06451015936985044,5,15,retained
0.03,random,qrf,structured_ya vs chained,cec,0.010877803577147188,-0.027439326291976443,0.04919493344627082,5,15,retained
0.03,random,qrf,structured_ya vs chained,n,0.023987954946357654,-0.0474123034985279,0.0953882133912432,5,15,retained
0.03,random,qrf,structured_ya vs chained,mean,0.01743287926175242,-0.03118750858470486,0.0660532671082097,5,15,retained
0.03,random,qrf,structured vs ptf_marg,cec,0.04989961084763585,-0.010558491838244914,0.11035771353351662,5,15,retained
0.03,random,qrf,structured vs ptf_marg,n,0.06566496571739931,0.0056404743279165545,0.12568945710688206,5,15,retained
0.03,random,qrf,structured vs ptf_marg,mean,0.05778228828251758,0.009546988406570998,0.10601758815846415,5,15,retained
0.03,random,qrf,structured vs ptf,cec,0.0590321078317539,-0.007978135739865944,0.12604235140337375,5,15,retained
0.03,random,qrf,structured vs ptf,n,0.06432995048468346,-0.0055629060627620935,0.13422280703212902,5,15,retained
0.03,random,qrf,structured vs ptf,mean,0.06168102915821867,0.004894734191756296,0.11846732412468106,5,15,retained
0.03,random,qrf,structured vs clip,cec,0.04413310118873677,0.0007385987101267213,0.08752760366734683,5,15,retained
0.03,random,qrf,structured vs clip,n,0.061743119333867516,-0.07144956135717208,0.19493580002490712,5,15,retained
0.03,random,qrf,structured vs clip,mean,0.05293811026130214,-0.03235877732082175,0.13823499784342602,5,15,retained
0.03,random,qrf,structured vs free,cec,0.08551504096809903,0.023472068075363804,0.14755801386083425,5,15,retained
0.03,random,qrf,structured vs free,n,0.0859993917292863,-0.02938192226610825,0.20138070572468086,5,15,retained
0.03,random,qrf,structured vs free,mean,0.08575721634869266,0.0010443843430040373,0.1704700483543813,5,15,retained
0.03,random,qrf,chained vs free,cec,0.07314825643554215,0.027242559110499054,0.11905395376058525,5,15,retained
0.03,random,qrf,chained vs free,n,0.07524889019105875,0.008223662749508559,0.14227411763260894,5,15,retained
0.03,random,qrf,chained vs free,mean,0.07419857331330044,0.018284343260900587,0.1301128033657003,5,15,retained
0.03,random,tabm,structured vs chained,cec,-0.017836577623279858,-0.04763922067119164,0.011966065424631928,5,15,retained
0.03,random,tabm,structured vs chained,n,0.0022548870109822443,-0.0592664403839025,0.06377621440586699,5,15,retained
0.03,random,tabm,structured vs chained,mean,-0.007790845306148808,-0.04758937307798235,0.032007682465684736,5,15,retained
0.03,random,tabm,structured_ya vs chained,cec,-0.0033289947672888952,-0.02726593660330816,0.020607947068730374,5,15,retained
0.03,random,tabm,structured_ya vs chained,n,0.018462203061309728,-0.01595136192358326,0.05287576804620271,5,15,retained
0.03,random,tabm,structured_ya vs chained,mean,0.007566604147010418,-0.019854466916352537,0.034987675210373374,5,15,retained
0.03,random,tabm,structured vs ptf_marg,cec,0.02684670240563658,-0.032309757610680376,0.08600316242195354,5,15,retained
0.03,random,tabm,structured vs ptf_marg,n,0.07903797891374018,0.00047968021279151674,0.15759627761468883,5,15,retained
0.03,random,tabm,structured vs ptf_marg,mean,0.05294234065968838,-0.002223540060595726,0.10810822137997247,5,15,retained
0.03,random,tabm,structured vs ptf,cec,0.03597919938975464,-0.027060879608300274,0.09901927838780955,5,15,retained
0.03,random,tabm,structured vs ptf,n,0.07770296368102432,-0.005968865925120942,0.16137479328716958,5,15,retained
0.03,random,tabm,structured vs ptf,mean,0.056841081535389484,-0.0027818674874123886,0.11646403055819135,5,15,retained
0.03,random,tabm,structured vs clip,cec,0.014608882236285255,-0.019713199429240515,0.04893096390181102,5,15,retained
0.03,random,tabm,structured vs clip,n,0.10280510341233731,-0.07770396276920213,0.2833141695938768,5,15,retained
0.03,random,tabm,structured vs clip,mean,0.05870699282431128,-0.04332971377842484,0.1607436994270474,5,15,retained
0.03,random,tabm,structured vs free,cec,0.07665358383295715,0.0212641523314753,0.132043015334439,5,15,retained
0.03,random,tabm,structured vs free,n,0.12517155632617571,-0.03843255820550642,0.2887756708578578,5,15,retained
0.03,random,tabm,structured vs free,mean,0.10091257007956642,0.0012446075825581077,0.2005805325765747,5,15,retained
0.03,random,tabm,chained vs free,cec,0.09449016145623698,0.055067733000075045,0.1339125899123989,5,15,retained
0.03,random,tabm,chained vs free,n,0.12291666931519347,0.010334342199534219,0.23549899643085273,5,15,retained
0.03,random,tabm,chained vs free,mean,0.10870341538571524,0.043060133337859186,0.17434669743357128,5,15,retained
0.03,random,tabicl,structured vs chained,cec,-0.007429455495535339,-0.029109290668907058,0.014250379677836378,5,15,retained
0.03,random,tabicl,structured vs chained,n,-0.00900367893993826,-0.06665699764396643,0.048649639764089904,5,15,retained
0.03,random,tabicl,structured vs chained,mean,-0.0082165672177368,-0.04631746155696203,0.029884327121488426,5,15,retained
0.03,random,tabicl,structured_ya vs chained,cec,-0.006659490647793365,-0.030253955164494816,0.016934973868908087,5,15,retained
0.03,random,tabicl,structured_ya vs chained,n,0.004570108417247468,-0.004172539917443578,0.013312756751938513,5,15,retained
0.03,random,tabicl,structured_ya vs chained,mean,-0.0010446911152729478,-0.01628913258213576,0.014199750351589865,5,15,retained
0.03,random,tabicl,structured vs ptf_marg,cec,0.048955386675611626,0.002846032061059503,0.09506474129016375,5,15,retained
0.03,random,tabicl,structured vs ptf_marg,n,0.059351419857388045,0.0020971554697510122,0.11660568424502507,5,15,retained
0.03,random,tabicl,structured vs ptf_marg,mean,0.05415340326649983,0.013197592800591136,0.09510921373240852,5,15,retained
0.03,random,tabicl,structured vs ptf,cec,0.05808788365972969,0.006357523587657857,0.10981824373180152,5,15,retained
0.03,random,tabicl,structured vs ptf,n,0.05801640462467219,-0.0059794922096467265,0.12201230145899111,5,15,retained
0.03,random,tabicl,structured vs ptf,mean,0.05805214414220093,0.011201435018312146,0.10490285326608972,5,15,retained
0.03,random,tabicl,structured vs clip,cec,0.019969484500465588,-0.023601233163866232,0.06354020216479742,5,15,retained
0.03,random,tabicl,structured vs clip,n,0.0572683689281319,0.007762270099324418,0.10677446775693938,5,15,retained
0.03,random,tabicl,structured vs clip,mean,0.03861892671429874,-0.004900381859972686,0.08213823528857017,5,15,retained
0.03,random,tabicl,structured vs free,cec,0.06183683128242902,-0.019805129786043096,0.14347879235090114,5,15,retained
0.03,random,tabicl,structured vs free,n,0.07724996643393332,0.01981990724374416,0.13468002562412248,5,15,retained
0.03,random,tabicl,structured vs free,mean,0.06954339885818116,0.008821859863936125,0.13026493785242618,5,15,retained
0.03,random,tabicl,chained vs free,cec,0.06926628677796434,-0.004449915913294092,0.14298248946922276,5,15,retained
0.03,random,tabicl,chained vs free,n,0.08625364537387158,-0.004460617655137555,0.1769679084028807,5,15,retained
0.03,random,tabicl,chained vs free,mean,0.07775996607591798,0.011219194651773887,0.14430073750006206,5,15,retained
0.03,random,tabicl_ft,structured vs chained,cec,-0.006448989332075161,-0.02892103469472703,0.01602305603057671,5,15,retained
0.03,random,tabicl_ft,structured vs chained,n,-0.009390214082754866,-0.0625506195075363,0.043770191342026574,5,15,retained
0.03,random,tabicl_ft,structured vs chained,mean,-0.007919601707415014,-0.04466598227355352,0.028826778858723492,5,15,retained
0.03,random,tabicl_ft,structured_ya vs chained,cec,-0.005173207467233517,-0.028858464542513083,0.018512049608046047,5,15,retained
0.03,random,tabicl_ft,structured_ya vs chained,n,0.003579413008911625,-0.009088719800230054,0.016247545818053304,5,15,retained
0.03,random,tabicl_ft,structured_ya vs chained,mean,-0.0007968972291609464,-0.01717195568831798,0.01557816122999609,5,15,retained
0.03,random,tabicl_ft,structured vs ptf_marg,cec,0.04895854734482398,0.004114845400152466,0.09380224928949549,5,15,retained
0.03,random,tabicl_ft,structured vs ptf_marg,n,0.060476371543883335,0.00247101719871768,0.11848172588904898,5,15,retained
0.03,random,tabicl_ft,structured vs ptf_marg,mean,0.054717459444353654,0.015623921822920009,0.0938109970657873,5,15,retained
0.03,random,tabicl_ft,structured vs ptf,cec,0.05809104432894204,0.007851095125741274,0.10833099353214282,5,15,retained
0.03,random,tabicl_ft,structured vs ptf,n,0.05914135631116748,-0.006091547091148848,0.12437425971348381,5,15,retained
0.03,random,tabicl_ft,structured vs ptf,mean,0.058616200320054754,0.0134610263489972,0.1037713742911123,5,15,retained
0.03,random,tabicl_ft,structured vs clip,cec,0.02038914158049964,-0.024295563547866134,0.06507384670886542,5,15,retained
0.03,random,tabicl_ft,structured vs clip,n,0.06511410334088662,-0.005007673391290324,0.13523588007306356,5,15,retained
0.03,random,tabicl_ft,structured vs clip,mean,0.042751622460693126,-0.012576953469667425,0.09808019839105367,5,15,retained
0.03,random,tabicl_ft,structured vs free,cec,0.06130394623217701,-0.020456408218627542,0.14306430068298157,5,15,retained
0.03,random,tabicl_ft,structured vs free,n,0.08340159012732684,0.017375870390653025,0.14942730986400066,5,15,retained
0.03,random,tabicl_ft,structured vs free,mean,0.07235276817975192,0.0032279384860689347,0.1414775978734349,5,15,retained
0.03,random,tabicl_ft,chained vs free,cec,0.06775293556425216,-0.0029654203493852255,0.13847129147788956,5,15,retained
0.03,random,tabicl_ft,chained vs free,n,0.09279180421008171,0.00567145328020327,0.17991215513996014,5,15,retained
0.03,random,tabicl_ft,chained vs free,mean,0.08027236988716693,0.010824988711278752,0.14971975106305513,5,15,retained
0.1,random,qrf,structured vs chained,cec,0.006898096190994921,-0.01681774053418933,0.03061393291617917,5,15,retained
0.1,random,qrf,structured vs chained,n,-0.0033273604344736065,-0.02477565477053329,0.018120933901586075,5,15,retained
0.1,random,qrf,structured vs chained,mean,0.0017853678782606575,-0.009011943791831872,0.012582679548353189,5,15,retained
0.1,random,qrf,structured_ya vs chained,cec,0.009158855106048198,-0.008273529099993973,0.02659123931209037,5,15,retained
0.1,random,qrf,structured_ya vs chained,n,0.007588847112932004,-0.010007880030147163,0.02518557425601117,5,15,retained
0.1,random,qrf,structured_ya vs chained,mean,0.008373851109490103,0.0003525530548037191,0.016395149164176486,5,15,retained
0.1,random,qrf,structured vs ptf_marg,cec,0.047303954362908227,-0.01302853996649131,0.10763644869230776,5,15,retained
0.1,random,qrf,structured vs ptf_marg,n,0.06664928127516173,0.017847189288002434,0.11545137326232102,5,15,retained
0.1,random,qrf,structured vs ptf_marg,mean,0.05697661781903498,0.02885966141671416,0.0850935742213558,5,15,retained
0.1,random,qrf,structured vs ptf,cec,0.050466949914397,-0.008874982898828626,0.10980888272762263,5,15,retained
0.1,random,qrf,structured vs ptf,n,0.07147251523356575,0.01741855243598417,0.12552647803114733,5,15,retained
0.1,random,qrf,structured vs ptf,mean,0.060969732573981375,0.0301573676775623,0.09178209747040045,5,15,retained
0.1,random,qrf,structured vs clip,cec,0.027576133837779192,0.0015622961596811515,0.05358997151587723,5,15,retained
0.1,random,qrf,structured vs clip,n,0.04587993577028312,-0.003036474263923443,0.09479634580448967,5,15,retained
0.1,random,qrf,structured vs clip,mean,0.036728034804031154,-0.0005075350598466588,0.07396360466790897,5,15,retained
0.1,random,qrf,structured vs free,cec,0.06004551278418744,0.022468275693444985,0.09762274987492989,5,15,retained
0.1,random,qrf,structured vs free,n,0.050095743971741116,0.014722229779996661,0.08546925816348558,5,15,retained
0.1,random,qrf,structured vs free,mean,0.05507062837796428,0.022880379511366275,0.08726087724456229,5,15,retained
0.1,random,qrf,chained vs free,cec,0.0531474165931925,0.011912961652061828,0.09438187153432318,5,15,retained
0.1,random,qrf,chained vs free,n,0.05342310440621473,0.03538561985496551,0.07146058895746395,5,15,retained
0.1,random,qrf,chained vs free,mean,0.05328526049970361,0.02526443789831644,0.08130608310109079,5,15,retained
0.1,random,tabm,structured vs chained,cec,-0.009079180977746345,-0.023891114230506764,0.005732752275014073,5,15,retained
0.1,random,tabm,structured vs chained,n,-0.014004593291532506,-0.034258855675843074,0.006249669092778062,5,15,retained
0.1,random,tabm,structured vs chained,mean,-0.011541887134639425,-0.02253101415593351,-0.0005527601133453377,5,15,retained
0.1,random,tabm,structured_ya vs chained,cec,0.00063288665887035,-0.007185725224870312,0.008451498542611012,5,15,retained
0.1,random,tabm,structured_ya vs chained,n,0.0007392605390048451,-0.006547599077874355,0.008026120155884045,5,15,retained
0.1,random,tabm,structured_ya vs chained,mean,0.0006860735989375977,-0.004278814297929794,0.00565096149580499,5,15,retained
0.1,random,tabm,structured vs ptf_marg,cec,0.03294161982402439,-0.02870580043809238,0.09458904008614116,5,15,retained
0.1,random,tabm,structured vs ptf_marg,n,0.06609823998133955,0.009084407983233136,0.12311207197944597,5,15,retained
0.1,random,tabm,structured vs ptf_marg,mean,0.049519929902681975,0.012935295076644947,0.086104564728719,5,15,retained
0.1,random,tabm,structured vs ptf,cec,0.036104615375513155,-0.02372567591652918,0.0959349066675555,5,15,retained
0.1,random,tabm,structured vs ptf,n,0.07092147393974357,0.0094104389439401,0.13243250893554703,5,15,retained
0.1,random,tabm,structured vs ptf,mean,0.053513044657628364,0.015672203308729732,0.091353886006527,5,15,retained
0.1,random,tabm,structured vs clip,cec,0.0159969134837584,-0.012301827339065912,0.04429565430658271,5,15,retained
0.1,random,tabm,structured vs clip,n,0.04959190204847021,-0.01638064567638982,0.11556444977333023,5,15,retained
0.1,random,tabm,structured vs clip,mean,0.03279440776611431,-0.011637840181059199,0.07722665571328782,5,15,retained
0.1,random,tabm,structured vs free,cec,0.059347566645828034,-0.0021854457442457287,0.1208805790359018,5,15,retained
0.1,random,tabm,structured vs free,n,0.05829127258435109,0.012762159223282728,0.10382038594541945,5,15,retained
0.1,random,tabm,structured vs free,mean,0.058819419615089574,0.01928048976158782,0.09835834946859133,5,15,retained
0.1,random,tabm,chained vs free,cec,0.0684267476235744,0.017675209132434637,0.11917828611471415,5,15,retained
0.1,random,tabm,chained vs free,n,0.0722958658758836,0.038097239945998326,0.10649449180576888,5,15,retained
0.1,random,tabm,chained vs free,mean,0.07036130674972899,0.03934147839954605,0.10138113509991192,5,15,retained
0.1,random,tabicl,structured vs chained,cec,6.368883284731535e-05,-0.018568512785596708,0.018695890451291337,5,15,retained
0.1,random,tabicl,structured vs chained,n,-0.01256241624637205,-0.03286967851306292,0.0077448460203188175,5,15,retained
0.1,random,tabicl,structured vs chained,mean,-0.006249363706762367,-0.016323485449491543,0.003824758035966808,5,15,retained
0.1,random,tabicl,structured_ya vs chained,cec,0.00040482330548191213,-0.013984533275885258,0.014794179886849083,5,15,retained
0.1,random,tabicl,structured_ya vs chained,n,0.0037084244181957806,-0.0036693491712359518,0.011086198007627513,5,15,retained
0.1,random,tabicl,structured_ya vs chained,mean,0.002056623861838847,-0.005701110469637406,0.0098143581933151,5,15,retained
0.1,random,tabicl,structured vs ptf_marg,cec,0.05150609863998105,-0.00506238340979525,0.10807458068975734,5,15,retained
0.1,random,tabicl,structured vs ptf_marg,n,0.06879572373478013,0.013122059451547444,0.12446938801801281,5,15,retained
0.1,random,tabicl,structured vs ptf_marg,mean,0.0601509111873806,0.03103344403561549,0.08926837833914571,5,15,retained
0.1,random,tabicl,structured vs ptf,cec,0.05466909419146983,-0.0009739451714563391,0.110312133554396,5,15,retained
0.1,random,tabicl,structured vs ptf,n,0.07361895769318413,0.01097614868748803,0.13626176669888024,5,15,retained
0.1,random,tabicl,structured vs ptf,mean,0.06414402594232697,0.03130181958645222,0.09698623229820172,5,15,retained
0.1,random,tabicl,structured vs clip,cec,0.013663482210742466,-0.012649231103862558,0.039976195525347494,5,15,retained
0.1,random,tabicl,structured vs clip,n,0.028888677737185647,-0.03329699307667178,0.09107434855104307,5,15,retained
0.1,random,tabicl,structured vs clip,mean,0.02127607997396406,-0.02179821655118208,0.0643503764991102,5,15,retained
0.1,random,tabicl,structured vs free,cec,0.03628841101970412,9.957103655499483e-05,0.07247725100285324,5,15,retained
0.1,random,tabicl,structured vs free,n,0.031375012962832446,-0.01769099920818116,0.08044102513384604,5,15,retained
0.1,random,tabicl,structured vs free,mean,0.03383171199126829,-0.0025568173714314232,0.07022024135396801,5,15,retained
0.1,random,tabicl,chained vs free,cec,0.0362247221868568,0.0029688250212536876,0.06948061935245992,5,15,retained
0.1,random,tabicl,chained vs free,n,0.0439374292092045,0.012204102646987285,0.07567075577142171,5,15,retained
0.1,random,tabicl,chained vs free,mean,0.04008107569803065,0.010364332605504942,0.06979781879055635,5,15,retained
0.1,random,tabicl_ft,structured vs chained,cec,-0.000515209559875917,-0.018985092986431945,0.017954673866680114,5,15,retained
0.1,random,tabicl_ft,structured vs chained,n,-0.010658808243159658,-0.03132571620045254,0.010008099714133224,5,15,retained
0.1,random,tabicl_ft,structured vs chained,mean,-0.005587008901517787,-0.017691173284834036,0.006517155481798462,5,15,retained
0.1,random,tabicl_ft,structured_ya vs chained,cec,0.0002696369209928145,-0.013573204809990063,0.014112478651975693,5,15,retained
0.1,random,tabicl_ft,structured_ya vs chained,n,0.005661310165720837,-0.002280869209572262,0.013603489541013937,5,15,retained
0.1,random,tabicl_ft,structured_ya vs chained,mean,0.002965473543356826,-0.004793157972231253,0.010724105058944904,5,15,retained
0.1,random,tabicl_ft,structured vs ptf_marg,cec,0.051103140483022266,-0.005352529604204549,0.10755881057024907,5,15,retained
0.1,random,tabicl_ft,structured vs ptf_marg,n,0.07087162766769765,0.0148954651273394,0.12684779020805592,5,15,retained
0.1,random,tabicl_ft,structured vs ptf_marg,mean,0.06098738407535996,0.033052943441209306,0.08892182470951061,5,15,retained
0.1,random,tabicl_ft,structured vs ptf,cec,0.05426613603451104,-0.0012961022752228796,0.10982837434424496,5,15,retained
0.1,random,tabicl_ft,structured vs ptf,n,0.07569486162610167,0.013247898522560898,0.13814182472964245,5,15,retained
0.1,random,tabicl_ft,structured vs ptf,mean,0.06498049883030636,0.033417420084185766,0.09654357757642695,5,15,retained
0.1,random,tabicl_ft,structured vs clip,cec,0.014123130008756863,-0.013917699605064863,0.04216395962257859,5,15,retained
0.1,random,tabicl_ft,structured vs clip,n,0.03519423855776495,-0.030441458583624417,0.10082993569915431,5,15,retained
0.1,random,tabicl_ft,structured vs clip,mean,0.024658684283260908,-0.020981922837617052,0.07029929140413888,5,15,retained
0.1,random,tabicl_ft,structured vs free,cec,0.036632439329942056,-0.0011115943702501643,0.07437647303013428,5,15,retained
0.1,random,tabicl_ft,structured vs free,n,0.038003293017036525,-0.015218629369039685,0.09122521540311274,5,15,retained
0.1,random,tabicl_ft,structured vs free,mean,0.0373178661734893,-0.003238907548936895,0.07787463989591549,5,15,retained
0.1,random,tabicl_ft,chained vs free,cec,0.03714764888981798,0.003698573557326286,0.07059672422230967,5,15,retained
0.1,random,tabicl_ft,chained vs free,n,0.04866210126019619,0.012506932526436317,0.08481726999395606,5,15,retained
0.1,random,tabicl_ft,chained vs free,mean,0.04290487507500708,0.010047738850151977,0.07576201129986218,5,15,retained
0.3,random,qrf,structured vs chained,cec,0.00391441265507242,0.0019269486076196399,0.0059018767025252,5,15,retained
0.3,random,qrf,structured vs chained,n,-0.015432723030733828,-0.03654257495546544,0.005677128893997782,5,15,retained
0.3,random,qrf,structured vs chained,mean,-0.005759155187830703,-0.016140968735844446,0.0046226583601830405,5,15,retained
0.3,random,qrf,structured_ya vs chained,cec,0.004565289981252259,0.0028691859556418346,0.006261394006862684,5,15,retained
0.3,random,qrf,structured_ya vs chained,n,-0.0007048967548016689,-0.012683974517620402,0.011274181008017064,5,15,retained
0.3,random,qrf,structured_ya vs chained,mean,0.0019301966132252955,-0.004324336079003158,0.008184729305453749,5,15,retained
0.3,random,qrf,structured vs ptf_marg,cec,0.10835377440380693,0.03392112352796578,0.18278642527964808,5,15,retained
0.3,random,qrf,structured vs ptf_marg,n,0.07012952667674102,0.03769061108543705,0.10256844226804498,5,15,retained
0.3,random,qrf,structured vs ptf_marg,mean,0.08924165054027398,0.05624962642196227,0.1222336746585857,5,15,retained
0.3,random,qrf,structured vs ptf,cec,0.11648573704010017,0.04169760536582333,0.19127386871437702,5,15,retained
0.3,random,qrf,structured vs ptf,n,0.07194370211558855,0.03267158343718957,0.11121582079398754,5,15,retained
0.3,random,qrf,structured vs ptf,mean,0.09421471957784436,0.05756237528520104,0.1308670638704877,5,15,retained
0.3,random,qrf,structured vs clip,cec,0.025407963432067672,0.01575267582048756,0.03506325104364778,5,15,retained
0.3,random,qrf,structured vs clip,n,0.020097750083870734,-0.007132292005012007,0.04732779217275347,5,15,retained
0.3,random,qrf,structured vs clip,mean,0.022752856757969207,0.006148847422957886,0.03935686609298053,5,15,retained
0.3,random,qrf,structured vs free,cec,0.027368942023260366,0.010064811398595885,0.04467307264792485,5,15,retained
0.3,random,qrf,structured vs free,n,0.019298248769131252,-0.007261549124035722,0.04585804666229823,5,15,retained
0.3,random,qrf,structured vs free,mean,0.02333359539619581,0.011091379718637476,0.03557581107375415,5,15,retained
0.3,random,qrf,chained vs free,cec,0.023454529368187947,0.005368261341942911,0.041540797394432984,5,15,retained
0.3,random,qrf,chained vs free,n,0.034730971799865076,0.009799126109926417,0.05966281748980373,5,15,retained
0.3,random,qrf,chained vs free,mean,0.02909275058402651,0.019368855361834306,0.038816645806218714,5,15,retained
0.3,random,tabm,structured vs chained,cec,0.0003775095107805936,-0.012039522183099604,0.01279454120466079,5,15,retained
0.3,random,tabm,structured vs chained,n,-0.01685024411998975,-0.03700580407677213,0.0033053158367926244,5,15,retained
0.3,random,tabm,structured vs chained,mean,-0.008236367304604577,-0.021447032948937537,0.004974298339728385,5,15,retained
0.3,random,tabm,structured_ya vs chained,cec,-0.00013615996269044473,-0.009869711855887846,0.009597391930506956,5,15,retained
0.3,random,tabm,structured_ya vs chained,n,0.001780422781569061,-0.0066735169348255165,0.01023436249796364,5,15,retained
0.3,random,tabm,structured_ya vs chained,mean,0.0008221314094393084,-0.004092212356542759,0.005736475175421376,5,15,retained
0.3,random,tabm,structured vs ptf_marg,cec,0.10739957938456215,0.02468756474108659,0.19011159402803773,5,15,retained
0.3,random,tabm,structured vs ptf_marg,n,0.07041429149760225,0.03285302695820942,0.10797555603699509,5,15,retained
0.3,random,tabm,structured vs ptf_marg,mean,0.0889069354410822,0.05041766894847026,0.12739620193369416,5,15,retained
0.3,random,tabm,structured vs ptf,cec,0.11553154202085539,0.03399935939543887,0.19706372464627192,5,15,retained
0.3,random,tabm,structured vs ptf,n,0.07222846693644977,0.027875249055738217,0.11658168481716133,5,15,retained
0.3,random,tabm,structured vs ptf,mean,0.09388000447865259,0.05258435776498388,0.1351756511923213,5,15,retained
0.3,random,tabm,structured vs clip,cec,0.0427614739969228,0.023187052422170305,0.0623358955716753,5,15,retained
0.3,random,tabm,structured vs clip,n,0.04129329794790312,-0.002608028332189094,0.08519462422799533,5,15,retained
0.3,random,tabm,structured vs clip,mean,0.04202738597241296,0.01294920838396019,0.07110556356086574,5,15,retained
0.3,random,tabm,structured vs free,cec,0.06737903850721803,0.04473836317912851,0.09001971383530756,5,15,retained
0.3,random,tabm,structured vs free,n,0.041371615343787686,-0.0019578434313855947,0.08470107411896097,5,15,retained
0.3,random,tabm,structured vs free,mean,0.05437532692550286,0.026950893033438204,0.08179976081756753,5,15,retained
0.3,random,tabm,chained vs free,cec,0.06700152899643745,0.04676233918921383,0.08724071880366108,5,15,retained
0.3,random,tabm,chained vs free,n,0.058221859463777434,0.024919761954536365,0.0915239569730185,5,15,retained
0.3,random,tabm,chained vs free,mean,0.06261169423010744,0.040747139632926824,0.08447624882728806,5,15,retained
0.3,random,tabicl,structured vs chained,cec,-0.010206715917714599,-0.01750931856095253,-0.002904113274476666,5,15,retained
0.3,random,tabicl,structured vs chained,n,-0.016456705107180176,-0.0347075940263128,0.0017941838119524475,5,15,retained
0.3,random,tabicl,structured vs chained,mean,-0.013331710512447383,-0.021294469008845397,-0.00536895201604937,5,15,retained
0.3,random,tabicl,structured_ya vs chained,cec,-0.0012680615955907712,-0.006408380646986967,0.0038722574558054243,5,15,retained
0.3,random,tabicl,structured_ya vs chained,n,0.0011088201842784323,-0.0031594778873706556,0.005377118255927521,5,15,retained
0.3,random,tabicl,structured_ya vs chained,mean,-7.962070565616921e-05,-0.0025301386533497804,0.002370897242037442,5,15,retained
0.3,random,tabicl,structured vs ptf_marg,cec,0.10860965086808114,0.03273358478746037,0.18448571694870192,5,15,retained
0.3,random,tabicl,structured vs ptf_marg,n,0.07657702591898784,0.041196500886334135,0.11195755095164153,5,15,retained
0.3,random,tabicl,structured vs ptf_marg,mean,0.0925933383935345,0.0559383938162973,0.12924828297077168,5,15,retained
0.3,random,tabicl,structured vs ptf,cec,0.11674161350437437,0.04133110241568491,0.19215212459306383,5,15,retained
0.3,random,tabicl,structured vs ptf,n,0.07839120135783537,0.03554334023580807,0.12123906247986266,5,15,retained
0.3,random,tabicl,structured vs ptf,mean,0.09756640743110487,0.058094256591355,0.13703855827085473,5,15,retained
0.3,random,tabicl,structured vs clip,cec,0.012093163231902512,0.0016203354211770469,0.022565991042627978,5,15,retained
0.3,random,tabicl,structured vs clip,n,0.013791358090084454,-0.02972659815066327,0.05730931433083218,5,15,retained
0.3,random,tabicl,structured vs clip,mean,0.012942260660993484,-0.011293155381534576,0.037177676703521546,5,15,retained
0.3,random,tabicl,structured vs free,cec,0.006966673301826017,-0.012311483975540842,0.026244830579192878,5,15,retained
0.3,random,tabicl,structured vs free,n,0.012178216598851276,-0.029868711340937427,0.05422514453863998,5,15,retained
0.3,random,tabicl,structured vs free,mean,0.009572444950338646,-0.014310877053233298,0.03345576695391059,5,15,retained
0.3,random,tabicl,chained vs free,cec,0.017173389219540612,0.00012834151978356745,0.03421843691929766,5,15,retained
0.3,random,tabicl,chained vs free,n,0.028634921706031446,0.0018453386366348336,0.055424504775428055,5,15,retained
0.3,random,tabicl,chained vs free,mean,0.022904155462786034,0.004194008809049746,0.041614302116522325,5,15,retained
0.03,random,qrf,structured vs chained,cec,0.014030089034490174,0.010179413939522429,0.017880764129457917,5,15,thinned
0.03,random,qrf,structured vs chained,n,0.00902245969591732,-0.012734122603949617,0.030779041995784257,5,15,thinned
0.03,random,qrf,structured vs chained,mean,0.011526274365203749,0.00023984704246132922,0.02281270168794617,5,15,thinned
0.03,random,qrf,structured_ya vs chained,cec,0.014970836780158031,0.009497931875649158,0.020443741684666904,5,15,thinned
0.03,random,qrf,structured_ya vs chained,n,0.01832381987086918,0.001146099322840731,0.03550154041889763,5,15,thinned
0.03,random,qrf,structured_ya vs chained,mean,0.01664732832551361,0.006867026812582817,0.0264276298384444,5,15,thinned
0.03,random,qrf,structured vs ptf_marg,cec,0.07175375654791802,0.03393604006714425,0.10957147302869179,5,15,thinned
0.03,random,qrf,structured vs ptf_marg,n,0.061191357799585754,0.055778769380574036,0.06660394621859747,5,15,thinned
0.03,random,qrf,structured vs ptf_marg,mean,0.06647255717375189,0.048454106048881854,0.08449100829862193,5,15,thinned
0.03,random,qrf,structured vs ptf,cec,0.0824551082839935,0.03153348708583792,0.13337672948214907,5,15,thinned
0.03,random,qrf,structured vs ptf,n,0.06322144704326811,0.05393403060644805,0.07250886348008817,5,15,thinned
0.03,random,qrf,structured vs ptf,mean,0.07283827766363081,0.047223261285580236,0.09845329404168138,5,15,thinned
0.03,random,qrf,structured vs clip,cec,0.03855936444266219,0.03392913807874362,0.04318959080658076,5,15,thinned
0.03,random,qrf,structured vs clip,n,0.05366761908477793,0.02250233719846568,0.08483290097109017,5,15,thinned
0.03,random,qrf,structured vs clip,mean,0.04611349176372006,0.03064975090639039,0.06157723262104973,5,15,thinned
0.03,random,qrf,structured vs free,cec,0.061795593677795455,0.05301459677441142,0.07057659058117949,5,15,thinned
0.03,random,qrf,structured vs free,n,0.07421590039997673,0.04824380842782812,0.10018799237212535,5,15,thinned
0.03,random,qrf,structured vs free,mean,0.0680057470388861,0.05390357652214023,0.08210791755563196,5,15,thinned
0.03,random,qrf,chained vs free,cec,0.047765504643305284,0.037882788569412726,0.05764822071719784,5,15,thinned
0.03,random,qrf,chained vs free,n,0.0651934407040594,0.049993628624092824,0.08039325278402598,5,15,thinned
0.03,random,qrf,chained vs free,mean,0.05647947267368234,0.049561860804742286,0.0633970845426224,5,15,thinned
0.03,random,tabm,structured vs chained,cec,-0.005144814686052524,-0.015140062980643451,0.004850433608538404,5,15,thinned
0.03,random,tabm,structured vs chained,n,-0.00274882112271703,-0.01770426684677191,0.012206624601337849,5,15,thinned
0.03,random,tabm,structured vs chained,mean,-0.003946817904384776,-0.015180608158616854,0.007286972349847302,5,15,thinned
0.03,random,tabm,structured_ya vs chained,cec,-0.0023963000084985015,-0.009384318882140944,0.0045917188651439424,5,15,thinned
0.03,random,tabm,structured_ya vs chained,n,0.007130050904758503,-0.009041750573985322,0.02330185238350233,5,15,thinned
0.03,random,tabm,structured_ya vs chained,mean,0.0023668754481300015,-0.008576921780779944,0.013310672677039946,5,15,thinned
0.03,random,tabm,structured vs ptf_marg,cec,0.061206718745074315,0.024740060871855443,0.09767337661829319,5,15,thinned
0.03,random,tabm,structured vs ptf_marg,n,0.0609299584979389,0.04908240458703368,0.07277751240884411,5,15,thinned
0.03,random,tabm,structured vs ptf_marg,mean,0.0610683386215066,0.03897580799499514,0.08316086924801806,5,15,thinned
0.03,random,tabm,structured vs ptf,cec,0.0719080704811498,0.021777441245892683,0.12203869971640693,5,15,thinned
0.03,random,tabm,structured vs ptf,n,0.06296004774162124,0.04646049829796521,0.07945959718527727,5,15,thinned
0.03,random,tabm,structured vs ptf,mean,0.06743405911138553,0.03724781546116132,0.09762030276160974,5,15,thinned
0.03,random,tabm,structured vs clip,cec,0.04009454705262973,0.027686691132636485,0.05250240297262297,5,15,thinned
0.03,random,tabm,structured vs clip,n,0.07519923644430834,0.04860784802083012,0.10179062486778656,5,15,thinned
0.03,random,tabm,structured vs clip,mean,0.05764689174846903,0.03838258066945986,0.0769112028274782,5,15,thinned
0.03,random,tabm,structured vs free,cec,0.08602515732447778,0.06573985559192339,0.10631045905703218,5,15,thinned
0.03,random,tabm,structured vs free,n,0.11087140921137198,0.08567953045922144,0.13606328796352252,5,15,thinned
0.03,random,tabm,structured vs free,mean,0.09844828326792489,0.08291034884457069,0.11398621769127909,5,15,thinned
0.03,random,tabm,chained vs free,cec,0.09116997201053031,0.0716188526190325,0.11072109140202813,5,15,thinned
0.03,random,tabm,chained vs free,n,0.11362023033408901,0.08839473139522452,0.1388457292729535,5,15,thinned
0.03,random,tabm,chained vs free,mean,0.10239510117230965,0.09404916126927278,0.11074104107534653,5,15,thinned
0.03,random,tabicl,structured vs chained,cec,-0.01055650539435291,-0.017988435790658917,-0.0031245749980469036,5,15,thinned
0.03,random,tabicl,structured vs chained,n,-0.020048915435776575,-0.036421141854037754,-0.0036766890175153957,5,15,thinned
0.03,random,tabicl,structured vs chained,mean,-0.015302710415064744,-0.02497349722736046,-0.005631923602769024,5,15,thinned
0.03,random,tabicl,structured_ya vs chained,cec,-0.004504382674906093,-0.010725399453240152,0.0017166341034279657,5,15,thinned
0.03,random,tabicl,structured_ya vs chained,n,-0.003055754783660107,-0.010034404877429955,0.003922895310109741,5,15,thinned
0.03,random,tabicl,structured_ya vs chained,mean,-0.0037800687292831,-0.007881151259097302,0.0003210138005311017,5,15,thinned
0.03,random,tabicl,structured vs ptf_marg,cec,0.07206695992774631,0.03236419223261669,0.11176972762287593,5,15,thinned
0.03,random,tabicl,structured vs ptf_marg,n,0.051889612375829494,0.03778641321143004,0.06599281154022896,5,15,thinned
0.03,random,tabicl,structured vs ptf_marg,mean,0.061978286151787895,0.04360735590480666,0.08034921639876913,5,15,thinned
0.03,random,tabicl,structured vs ptf,cec,0.08276831166382179,0.03223088941038866,0.13330573391725492,5,15,thinned
0.03,random,tabicl,structured vs ptf,n,0.05391970161951184,0.03656545149981056,0.07127395173921311,5,15,thinned
0.03,random,tabicl,structured vs ptf,mean,0.06834400664166682,0.04370265626616697,0.09298535701716666,5,15,thinned
0.03,random,tabicl,structured vs clip,cec,0.022277943447132128,0.015346958039335154,0.029208928854929102,5,15,thinned
0.03,random,tabicl,structured vs clip,n,0.04054449571977995,-0.0008643192447538722,0.08195331068431377,5,15,thinned
0.03,random,tabicl,structured vs clip,mean,0.03141121958345604,0.011074820002198425,0.051747619164713654,5,15,thinned
0.03,random,tabicl,structured vs free,cec,0.04454615580058374,0.033566110659271196,0.05552620094189629,5,15,thinned
0.03,random,tabicl,structured vs free,n,0.06124144418175685,0.026706514129444088,0.09577637423406962,5,15,thinned
0.03,random,tabicl,structured vs free,mean,0.0528937999911703,0.036374468141494795,0.0694131318408458,5,15,thinned
0.03,random,tabicl,chained vs free,cec,0.055102661194936654,0.050391739344893646,0.05981358304497966,5,15,thinned
0.03,random,tabicl,chained vs free,n,0.08129035961753342,0.046605685681587586,0.11597503355347925,5,15,thinned
0.03,random,tabicl,chained vs free,mean,0.06819651040623503,0.052557051688832575,0.0838359691236375,5,15,thinned
0.03,random,tabicl_ft,structured vs chained,cec,-0.009248869517801048,-0.017365219894152354,-0.0011325191414497428,5,15,thinned
0.03,random,tabicl_ft,structured vs chained,n,-0.015685726330349495,-0.03263654305667747,0.0012650903959784826,5,15,thinned
0.03,random,tabicl_ft,structured vs chained,mean,-0.012467297924075272,-0.022939655789798896,-0.0019949400583516488,5,15,thinned
0.03,random,tabicl_ft,structured_ya vs chained,cec,-0.004670313765639377,-0.01149473136735233,0.002154103836073577,5,15,thinned
0.03,random,tabicl_ft,structured_ya vs chained,n,-0.0003815573340971417,-0.008929777165240222,0.008166662497045939,5,15,thinned
0.03,random,tabicl_ft,structured_ya vs chained,mean,-0.0025259355498682594,-0.007901408938385094,0.002849537838648575,5,15,thinned
0.03,random,tabicl_ft,structured vs ptf_marg,cec,0.07329201673377836,0.03470051946791543,0.11188351399964129,5,15,thinned
0.03,random,tabicl_ft,structured vs ptf_marg,n,0.05603080562801712,0.043197698793630813,0.06886391246240342,5,15,thinned
0.03,random,tabicl_ft,structured vs ptf_marg,mean,0.06466141118089773,0.04709050768252601,0.08223231467926945,5,15,thinned
0.03,random,tabicl_ft,structured vs ptf,cec,0.08399336846985384,0.03404704263175542,0.13393969430795225,5,15,thinned
0.03,random,tabicl_ft,structured vs ptf,n,0.058060894871699464,0.04207853563890113,0.0740432541044978,5,15,thinned
0.03,random,tabicl_ft,structured vs ptf,mean,0.07102713167077665,0.0472084566301627,0.09484580671139059,5,15,thinned
0.03,random,tabicl_ft,structured vs clip,cec,0.024543538383755514,0.01914780993057022,0.029939266836940807,5,15,thinned
0.03,random,tabicl_ft,structured vs clip,n,0.04446055403433749,0.008507457568329123,0.08041365050034585,5,15,thinned
0.03,random,tabicl_ft,structured vs clip,mean,0.034502046209046504,0.01559250076432402,0.05341159165376899,5,15,thinned
0.03,random,tabicl_ft,structured vs free,cec,0.04667470904773611,0.03789335193838535,0.05545606615708687,5,15,thinned
0.03,random,tabicl_ft,structured vs free,n,0.06130365972259235,0.032538484949188616,0.09006883449599609,5,15,thinned
0.03,random,tabicl_ft,structured vs free,mean,0.053989184385164236,0.03894696432478916,0.0690314044455393,5,15,thinned
0.03,random,tabicl_ft,chained vs free,cec,0.05592357856553716,0.054109670051709316,0.057737487079365005,5,15,thinned
0.03,random,tabicl_ft,chained vs free,n,0.07698938605294184,0.04473479802789262,0.10924397407799105,5,15,thinned
0.03,random,tabicl_ft,chained vs free,mean,0.0664564823092395,0.050580261451009786,0.08233270316746923,5,15,thinned
0.1,random,qrf,structured vs chained,cec,0.002349059609400106,-0.0028042835640766264,0.007502402782876838,5,15,thinned
0.1,random,qrf,structured vs chained,n,-0.010088773709486057,-0.02467812353142603,0.004500576112453915,5,15,thinned
0.1,random,qrf,structured vs chained,mean,-0.0038698570500429763,-0.01173669220516852,0.003996978105082568,5,15,thinned
0.1,random,qrf,structured_ya vs chained,cec,0.004116501436229754,-0.0009523195403079833,0.009185322412767493,5,15,thinned
0.1,random,qrf,structured_ya vs chained,n,0.0037524715382038012,-0.005089457840964751,0.012594400917372354,5,15,thinned
0.1,random,qrf,structured_ya vs chained,mean,0.003934486487216777,-0.0021336341305445887,0.010002607104978144,5,15,thinned
0.1,random,qrf,structured vs ptf_marg,cec,0.085025288953614,0.04672743352722295,0.12332314438000505,5,15,thinned
0.1,random,qrf,structured vs ptf_marg,n,0.06709131826729121,0.05792255536923227,0.07626008116535016,5,15,thinned
0.1,random,qrf,structured vs ptf_marg,mean,0.0760583036104526,0.05979715772997586,0.09231944949092934,5,15,thinned
0.1,random,qrf,structured vs ptf,cec,0.09552263056030813,0.0423113242448409,0.14873393687577535,5,15,thinned
0.1,random,qrf,structured vs ptf,n,0.0695240647535087,0.05592024479007185,0.08312788471694554,5,15,thinned
0.1,random,qrf,structured vs ptf,mean,0.08252334765690843,0.05765421177274045,0.1073924835410764,5,15,thinned
0.1,random,qrf,structured vs clip,cec,0.025979403153013076,0.01742126458641979,0.034537541719606366,5,15,thinned
0.1,random,qrf,structured vs clip,n,0.020131725278106943,0.0006616779880836803,0.0396017725681302,5,15,thinned
0.1,random,qrf,structured vs clip,mean,0.023055564215560008,0.012328933316739354,0.03378219511438066,5,15,thinned
0.1,random,qrf,structured vs free,cec,0.03714045937674731,0.022191822051759083,0.05208909670173553,5,15,thinned
0.1,random,qrf,structured vs free,n,0.030734619581556544,0.020163011902125518,0.041306227260987566,5,15,thinned
0.1,random,qrf,structured vs free,mean,0.03393753947915192,0.02249766836321055,0.045377410595093294,5,15,thinned
0.1,random,qrf,chained vs free,cec,0.0347913997673472,0.023452228579009186,0.046130570955685214,5,15,thinned
0.1,random,qrf,chained vs free,n,0.0408233932910426,0.02579807776642883,0.05584870881565637,5,15,thinned
0.1,random,qrf,chained vs free,mean,0.037807396529194896,0.02944230978395851,0.046172483274431284,5,15,thinned
0.1,random,tabm,structured vs chained,cec,-0.010761352934200418,-0.02199401558684723,0.000471309718446394,5,15,thinned
0.1,random,tabm,structured vs chained,n,-0.01549228655196951,-0.03181431968354291,0.0008297465796038885,5,15,thinned
0.1,random,tabm,structured vs chained,mean,-0.013126819743084966,-0.023267185491221982,-0.002986453994947952,5,15,thinned
0.1,random,tabm,structured_ya vs chained,cec,-0.0011661665554149343,-0.005841082609556118,0.0035087494987262498,5,15,thinned
0.1,random,tabm,structured_ya vs chained,n,0.001187306020112322,-0.005490760648205761,0.007865372688430405,5,15,thinned
0.1,random,tabm,structured_ya vs chained,mean,1.0569732348693783e-05,-0.003773941997785579,0.003795081462482966,5,15,thinned
0.1,random,tabm,structured vs ptf_marg,cec,0.07949432629222115,0.03948395623171119,0.11950469635273112,5,15,thinned
0.1,random,tabm,structured vs ptf_marg,n,0.06462323173659695,0.052917144592064536,0.07632931888112937,5,15,thinned
0.1,random,tabm,structured vs ptf_marg,mean,0.07205877901440903,0.05219420917998886,0.0919233488488292,5,15,thinned
0.1,random,tabm,structured vs ptf,cec,0.08999166789891529,0.037558961884345696,0.1424243739134849,5,15,thinned
0.1,random,tabm,structured vs ptf,n,0.06705597822281442,0.05168563445683789,0.08242632198879096,5,15,thinned
0.1,random,tabm,structured vs ptf,mean,0.07852382306086486,0.050261107452170634,0.10678653866955909,5,15,thinned
0.1,random,tabm,structured vs clip,cec,0.032303916231301535,0.0050086877012082386,0.05959914476139483,5,15,thinned
0.1,random,tabm,structured vs clip,n,0.02532403916352056,-0.0006302603175431659,0.05127833864458429,5,15,thinned
0.1,random,tabm,structured vs clip,mean,0.028813977697411047,0.010589019730466519,0.047038935664355574,5,15,thinned
0.1,random,tabm,structured vs free,cec,0.06011838629206302,0.02022930096255015,0.10000747162157589,5,15,thinned
0.1,random,tabm,structured vs free,n,0.037105916512505714,0.024140453803261346,0.05007137922175008,5,15,thinned
0.1,random,tabm,structured vs free,mean,0.048612151402284365,0.027645025677208335,0.0695792771273604,5,15,thinned
0.1,random,tabm,chained vs free,cec,0.07087973922626344,0.03895108892099532,0.10280838953153154,5,15,thinned
0.1,random,tabm,chained vs free,n,0.05259820306447523,0.04355596282771842,0.061640443301232035,5,15,thinned
0.1,random,tabm,chained vs free,mean,0.061738971145369324,0.042210370379689804,0.08126757191104884,5,15,thinned
0.1,random,tabicl,structured vs chained,cec,-0.013111414796485773,-0.024013405159017905,-0.0022094244339536436,5,15,thinned
0.1,random,tabicl,structured vs chained,n,-0.021300475162229528,-0.03317741412442926,-0.009423536200029791,5,15,thinned
0.1,random,tabicl,structured vs chained,mean,-0.01720594497935765,-0.025931997754579154,-0.008479892204136147,5,15,thinned
0.1,random,tabicl,structured_ya vs chained,cec,-0.004965983373143098,-0.01507462462941427,0.005142657883128074,5,15,thinned
0.1,random,tabicl,structured_ya vs chained,n,-0.0009410573290423347,-0.00438324952131896,0.002501134863234291,5,15,thinned
0.1,random,tabicl,structured_ya vs chained,mean,-0.0029535203510927164,-0.008475625377633621,0.002568584675448188,5,15,thinned
0.1,random,tabicl,structured vs ptf_marg,cec,0.08860112314796377,0.04940300043896713,0.1277992458569604,5,15,thinned
0.1,random,tabicl,structured vs ptf_marg,n,0.06361870591208026,0.0504931250178692,0.07674428680629132,5,15,thinned
0.1,random,tabicl,structured vs ptf_marg,mean,0.076109914530022,0.060305636770786514,0.09191419228925748,5,15,thinned
0.1,random,tabicl,structured vs ptf,cec,0.09909846475465792,0.04529660108102314,0.1529003284282927,5,15,thinned
0.1,random,tabicl,structured vs ptf,n,0.06605145239829774,0.050821666298404296,0.08128123849819119,5,15,thinned
0.1,random,tabicl,structured vs ptf,mean,0.08257495857647783,0.05777880759531524,0.10737110955764041,5,15,thinned
0.1,random,tabicl,structured vs clip,cec,0.013273007825883556,0.006874993456843947,0.019671022194923164,5,15,thinned
0.1,random,tabicl,structured vs clip,n,0.007725297274469867,-0.013431084012273865,0.028881678561213597,5,15,thinned
0.1,random,tabicl,structured vs clip,mean,0.010499152550176713,0.0003538903664300208,0.020644414733923405,5,15,thinned
0.1,random,tabicl,structured vs free,cec,0.021186132454513142,0.005069982699914523,0.03730228220911176,5,15,thinned
0.1,random,tabicl,structured vs free,n,0.01604666979690945,0.00645591420735939,0.025637425386459512,5,15,thinned
0.1,random,tabicl,structured vs free,mean,0.0186164011257113,0.009101942796933106,0.028130859454489496,5,15,thinned
0.1,random,tabicl,chained vs free,cec,0.034297547250998914,0.021289693026703426,0.0473054014752944,5,15,thinned
0.1,random,tabicl,chained vs free,n,0.037347144959138975,0.024420276394457784,0.05027401352382017,5,15,thinned
0.1,random,tabicl,chained vs free,mean,0.03582234610506895,0.025876878736498077,0.045767813473639826,5,15,thinned
0.1,random,tabicl_ft,structured vs chained,cec,-0.01322812954461897,-0.024226350508362943,-0.0022299085808749966,5,15,thinned
0.1,random,tabicl_ft,structured vs chained,n,-0.01961107538364579,-0.03214334976617038,-0.0070788010011211995,5,15,thinned
0.1,random,tabicl_ft,structured vs chained,mean,-0.01641960246413238,-0.025583393236302467,-0.007255811691962294,5,15,thinned
0.1,random,tabicl_ft,structured_ya vs chained,cec,-0.004753395977990175,-0.014148128461085853,0.004641336505105503,5,15,thinned
0.1,random,tabicl_ft,structured_ya vs chained,n,-0.0002965147859125643,-0.003700363414397617,0.0031073338425724887,5,15,thinned
0.1,random,tabicl_ft,structured_ya vs chained,mean,-0.0025249553819513696,-0.007486379494669326,0.002436468730766587,5,15,thinned
0.1,random,tabicl_ft,structured vs ptf_marg,cec,0.0885123038358116,0.049312053043351636,0.12771255462827158,5,15,thinned
0.1,random,tabicl_ft,structured vs ptf_marg,n,0.06566060457812486,0.053430950012655506,0.07789025914359422,5,15,thinned
0.1,random,tabicl_ft,structured vs ptf_marg,mean,0.07708645420696823,0.0605942436497401,0.09357866476419636,5,15,thinned
0.1,random,tabicl_ft,structured vs ptf,cec,0.09900964544250576,0.04509946707986269,0.15291982380514885,5,15,thinned
0.1,random,tabicl_ft,structured vs ptf,n,0.06809335106434235,0.05395271359537504,0.08223398853330965,5,15,thinned
0.1,random,tabicl_ft,structured vs ptf,mean,0.08355149825342405,0.05789222513495298,0.10921077137189511,5,15,thinned
0.1,random,tabicl_ft,structured vs clip,cec,0.01363867634376222,0.00781877794006981,0.019458574747454632,5,15,thinned
0.1,random,tabicl_ft,structured vs clip,n,0.011254646196501485,-0.012000740549064345,0.034510032942067316,5,15,thinned
0.1,random,tabicl_ft,structured vs clip,mean,0.012446661270131854,0.0014877297397288148,0.02340559280053489,5,15,thinned
0.1,random,tabicl_ft,structured vs free,cec,0.02084666926868109,0.006270272082917175,0.035423066454445006,5,15,thinned
0.1,random,tabicl_ft,structured vs free,n,0.019054218072293676,0.007431868530111107,0.030676567614476243,5,15,thinned
0.1,random,tabicl_ft,structured vs free,mean,0.019950443670487383,0.01052440011412671,0.029376487226848054,5,15,thinned
0.1,random,tabicl_ft,chained vs free,cec,0.03407479881330006,0.022354295982796462,0.04579530164380366,5,15,thinned
0.1,random,tabicl_ft,chained vs free,n,0.03866529345593947,0.025143348825490977,0.05218723808638796,5,15,thinned
0.1,random,tabicl_ft,chained vs free,mean,0.03637004613461976,0.026666398281846006,0.04607369398739352,5,15,thinned
0.3,random,qrf,structured vs chained,cec,-0.0031836553273289826,-0.00800633538160854,0.001639024726950575,5,15,thinned
0.3,random,qrf,structured vs chained,n,-0.016060295882767493,-0.03225158853066473,0.00013099676512974556,5,15,thinned
0.3,random,qrf,structured vs chained,mean,-0.00962197560504824,-0.01757481286198584,-0.0016691383481106433,5,15,thinned
0.3,random,qrf,structured_ya vs chained,cec,-0.00045529155473185884,-0.003037472380014913,0.002126889270551195,5,15,thinned
0.3,random,qrf,structured_ya vs chained,n,0.0003928329299118717,-0.009813523595969337,0.010599189455793082,5,15,thinned
0.3,random,qrf,structured_ya vs chained,mean,-3.12293124099934e-05,-0.005506767948120639,0.005444309323300652,5,15,thinned
0.3,random,qrf,structured vs ptf_marg,cec,0.08288502587657195,0.046963684863723015,0.1188063668894209,5,15,thinned
0.3,random,qrf,structured vs ptf_marg,n,0.0717947085953031,0.052358203827133645,0.09123121336347255,5,15,thinned
0.3,random,qrf,structured vs ptf_marg,mean,0.07733986723593753,0.06391308355461141,0.09076665091726364,5,15,thinned
0.3,random,qrf,structured vs ptf,cec,0.09118126505344185,0.04935028531572055,0.13301224479116314,5,15,thinned
0.3,random,qrf,structured vs ptf,n,0.07535667391197858,0.05300777884755875,0.0977055689763984,5,15,thinned
0.3,random,qrf,structured vs ptf,mean,0.0832689694827102,0.06548920227340807,0.10104873669201234,5,15,thinned
0.3,random,qrf,structured vs clip,cec,0.017120223945051284,0.011042216300981256,0.023198231589121314,5,15,thinned
0.3,random,qrf,structured vs clip,n,0.006528765562224208,-0.01568086302985748,0.028738394154305895,5,15,thinned
0.3,random,qrf,structured vs clip,mean,0.011824494753637746,-0.0011430730573513109,0.0247920625646268,5,15,thinned
0.3,random,qrf,structured vs free,cec,0.0177715714385114,0.006423032472534167,0.029120110404488635,5,15,thinned
0.3,random,qrf,structured vs free,n,0.012600006356905577,0.0013220591472892888,0.023877953566521865,5,15,thinned
0.3,random,qrf,structured vs free,mean,0.015185788897708488,0.006651183519956154,0.02372039427546082,5,15,thinned
0.3,random,qrf,chained vs free,cec,0.020955226765840385,0.011280515925112861,0.03062993760656791,5,15,thinned
0.3,random,qrf,chained vs free,n,0.028660302239673075,0.01716979131384005,0.0401508131655061,5,15,thinned
0.3,random,qrf,chained vs free,mean,0.024807764502756728,0.021383111462314624,0.028232417543198832,5,15,thinned
0.3,random,tabm,structured vs chained,cec,-0.008730672122183827,-0.014713005203753796,-0.0027483390406138584,5,15,thinned
0.3,random,tabm,structured vs chained,n,-0.016568734855885173,-0.026599066788132855,-0.00653840292363749,5,15,thinned
0.3,random,tabm,structured vs chained,mean,-0.0126497034890345,-0.019646866951340807,-0.0056525400267281945,5,15,thinned
0.3,random,tabm,structured_ya vs chained,cec,-0.004888153610086951,-0.016014995721949015,0.006238688501775114,5,15,thinned
0.3,random,tabm,structured_ya vs chained,n,0.00198105760297278,-0.0006301213186638965,0.004592236524609456,5,15,thinned
0.3,random,tabm,structured_ya vs chained,mean,-0.0014535480035570852,-0.006407682952621742,0.0035005869455075724,5,15,thinned
0.3,random,tabm,structured vs ptf_marg,cec,0.08019221641231311,0.03976020823476029,0.12062422458986594,5,15,thinned
0.3,random,tabm,structured vs ptf_marg,n,0.06939879401867478,0.05349667918096149,0.08530090885638808,5,15,thinned
0.3,random,tabm,structured vs ptf_marg,mean,0.07479550521549394,0.055784113125857474,0.09380689730513041,5,15,thinned
0.3,random,tabm,structured vs ptf,cec,0.088488455589183,0.04369575126699588,0.13328115991137013,5,15,thinned
0.3,random,tabm,structured vs ptf,n,0.07296075933535026,0.05268128190698751,0.09324023676371301,5,15,thinned
0.3,random,tabm,structured vs ptf,mean,0.08072460746226663,0.057206037829864394,0.10424317709466888,5,15,thinned
0.3,random,tabm,structured vs clip,cec,0.026906177758848716,0.012553872161143025,0.04125848335655441,5,15,thinned
0.3,random,tabm,structured vs clip,n,0.015995907671153952,-0.01782265636706974,0.04981447170937764,5,15,thinned
0.3,random,tabm,structured vs clip,mean,0.021451042715001332,-0.0005306479609019817,0.04343273339090464,5,15,thinned
0.3,random,tabm,structured vs free,cec,0.04119835104036843,0.019695840606171168,0.06270086147456569,5,15,thinned
0.3,random,tabm,structured vs free,n,0.02226722595740151,-0.010238010356999467,0.05477246227180249,5,15,thinned
0.3,random,tabm,structured vs free,mean,0.03173278849888497,0.008382623060613322,0.05508295393715662,5,15,thinned
0.3,random,tabm,chained vs free,cec,0.04992902316255226,0.03251943194123576,0.06733861438386876,5,15,thinned
0.3,random,tabm,chained vs free,n,0.03883596081328668,0.01373971651499567,0.06393220511157768,5,15,thinned
0.3,random,tabm,chained vs free,mean,0.04438249198791947,0.02582983259991544,0.06293515137592351,5,15,thinned
0.3,random,tabicl,structured vs chained,cec,-0.013462163021671919,-0.02522739306222639,-0.001696932981117446,5,15,thinned
0.3,random,tabicl,structured vs chained,n,-0.021608034874306164,-0.034553002383684084,-0.008663067364928246,5,15,thinned
0.3,random,tabicl,structured vs chained,mean,-0.01753509894798904,-0.025675812448003495,-0.009394385447974586,5,15,thinned
0.3,random,tabicl,structured_ya vs chained,cec,-0.007210126408435043,-0.013658756975923458,-0.0007614958409466284,5,15,thinned
0.3,random,tabicl,structured_ya vs chained,n,0.00011651225765918483,-0.0024986438270829534,0.002731668342401323,5,15,thinned
0.3,random,tabicl,structured_ya vs chained,mean,-0.0035468070753879298,-0.007760916387564744,0.0006673022367888848,5,15,thinned
0.3,random,tabicl,structured vs ptf_marg,cec,0.08716273964785011,0.05347334054212795,0.12085213875357227,5,15,thinned
0.3,random,tabicl,structured vs ptf_marg,n,0.07057924787029027,0.04970251358558328,0.09145598215499726,5,15,thinned
0.3,random,tabicl,structured vs ptf_marg,mean,0.07887099375907018,0.06538079730727203,0.09236119021086833,5,15,thinned
0.3,random,tabicl,structured vs ptf,cec,0.09545897882471999,0.054991905071396084,0.13592605257804388,5,15,thinned
0.3,random,tabicl,structured vs ptf,n,0.07414121318696576,0.04906987211733345,0.09921255425659807,5,15,thinned
0.3,random,tabicl,structured vs ptf,mean,0.08480009600584287,0.06698282661058234,0.1026173654011034,5,15,thinned
0.3,random,tabicl,structured vs clip,cec,0.002815984550296191,-0.006827071396006596,0.012459040496598978,5,15,thinned
0.3,random,tabicl,structured vs clip,n,-0.007289515174827822,-0.04212731931353452,0.027548288963878877,5,15,thinned
0.3,random,tabicl,structured vs clip,mean,-0.0022367653122658164,-0.023401860063574975,0.018928329439043344,5,15,thinned
0.3,random,tabicl,structured vs free,cec,-0.0006831250599072785,-0.017548421105715202,0.01618217098590065,5,15,thinned
0.3,random,tabicl,structured vs free,n,-0.0026353549207690508,-0.029468291066962898,0.024197581225424796,5,15,thinned
0.3,random,tabicl,structured vs free,mean,-0.0016592399903381644,-0.020096403461375926,0.016777923480699595,5,15,thinned
0.3,random,tabicl,chained vs free,cec,0.012779037961764642,-0.0028489594899976396,0.028407035413526925,5,15,thinned
0.3,random,tabicl,chained vs free,n,0.018972679953537113,0.003945790412824947,0.03399956949424928,5,15,thinned
0.3,random,tabicl,chained vs free,mean,0.01587585895765088,0.004021662527642529,0.027730055387659228,5,15,thinned
